-- phpMyAdmin SQL Dump
-- version 5.2.1
-- https://www.phpmyadmin.net/
--
-- Host: 127.0.0.1
-- Generation Time: Sep 30, 2024 at 09:48 PM
-- Server version: 10.4.28-MariaDB
-- PHP Version: 8.2.4

SET SQL_MODE = "NO_AUTO_VALUE_ON_ZERO";
START TRANSACTION;
SET time_zone = "+00:00";


/*!40101 SET @OLD_CHARACTER_SET_CLIENT=@@CHARACTER_SET_CLIENT */;
/*!40101 SET @OLD_CHARACTER_SET_RESULTS=@@CHARACTER_SET_RESULTS */;
/*!40101 SET @OLD_COLLATION_CONNECTION=@@COLLATION_CONNECTION */;
/*!40101 SET NAMES utf8mb4 */;

--
-- Database: `blog`
--

-- --------------------------------------------------------

--
-- Table structure for table `categorias`
--

CREATE TABLE `categorias` (
  `id` int(11) NOT NULL,
  `titulo` varchar(255) NOT NULL,
  `texto` varchar(255) NOT NULL,
  `slug` varchar(255) NOT NULL,
  `status` int(11) NOT NULL DEFAULT 0,
  `views` int(11) NOT NULL,
  `last_view_at` datetime DEFAULT NULL,
  `created_at` datetime NOT NULL DEFAULT current_timestamp(),
  `updated_at` datetime DEFAULT current_timestamp() ON UPDATE current_timestamp()
) ENGINE=InnoDB DEFAULT CHARSET=utf8mb4 COLLATE=utf8mb4_general_ci;

--
-- Dumping data for table `categorias`
--

INSERT INTO `categorias` (`id`, `titulo`, `texto`, `slug`, `status`, `views`, `last_view_at`, `created_at`, `updated_at`) VALUES
(1, 'Tecnologia', 'Tudo sobre tecnologia que estiver disponivel', 'tecnologia', 1, 9, '2024-05-22 13:42:55', '2024-05-01 15:32:05', '2024-05-22 13:09:09'),
(2, 'PHP', 'Tudo sobre PHP que estiver disponivel', 'php', 1, 5, '2024-06-08 22:34:11', '2024-05-09 15:32:05', '2024-05-22 13:09:09'),
(3, 'Segurança', 'Tudo sobre Segurança que estiver disponivel 2', 'seguranca', 1, 4, '2024-06-08 22:34:11', '2024-05-10 15:32:05', '2024-05-22 13:09:09'),
(4, 'MySQL', 'Tudo sobre MySQL que estiver disponivel', 'mysql', 0, 0, NULL, '2024-05-13 15:32:05', '2024-05-22 13:10:10'),
(6, 'Bootstrap', 'Heads up! Dark variants for components were deprecated in v5.3.0 with the introduction of color modes. Instead of adding .dropdown-menu-dark, set data-bs-theme=\"dark\" on the root element, a parent wrapper, or the component itself.', 'bootstrap', 1, 30, '2024-06-08 22:34:09', '2024-05-13 15:32:05', '2024-05-22 13:10:10'),
(8, 'Oracle DB', 'Tudo sobre Oracle DB que estiver disponivel', 'oracle-db', 0, 0, NULL, '2024-05-11 15:32:05', '2024-05-22 13:10:10'),
(10, 'Java ', 'Java Spring boot web', 'java', 0, 0, NULL, '2024-05-13 15:32:05', '2024-05-22 13:10:10'),
(24, 'Nova Categoria', '<p><span style=\"font-size: 12pt;\">﻿Esta <b>categoria</b></span><br></p>', 'nova-categoria', 1, 0, NULL, '2024-06-10 11:18:34', '2024-06-10 11:18:34');

-- --------------------------------------------------------

--
-- Table structure for table `posts`
--

CREATE TABLE `posts` (
  `id` int(11) NOT NULL,
  `usuario_id` int(11) NOT NULL,
  `categoria_id` int(11) NOT NULL,
  `capa` varchar(255) NOT NULL,
  `slug` varchar(255) NOT NULL,
  `titulo` varchar(255) NOT NULL,
  `texto` longtext DEFAULT NULL,
  `status` int(11) NOT NULL DEFAULT 0,
  `views` int(11) NOT NULL,
  `last_view_at` datetime DEFAULT NULL,
  `usuario_updated` int(11) NOT NULL,
  `created_at` datetime NOT NULL DEFAULT current_timestamp(),
  `updated_at` datetime DEFAULT current_timestamp() ON UPDATE current_timestamp()
) ENGINE=InnoDB DEFAULT CHARSET=utf8mb4 COLLATE=utf8mb4_general_ci;

--
-- Dumping data for table `posts`
--

INSERT INTO `posts` (`id`, `usuario_id`, `categoria_id`, `capa`, `slug`, `titulo`, `texto`, `status`, `views`, `last_view_at`, `usuario_updated`, `created_at`, `updated_at`) VALUES
(1, 1, 2, '6658e03930c10-color-bootstrap.jpg', 'color-bootstrap', 'Color Bootstrap?', 'Bootstrap is supported by an extensive color system that themes our styles and components. This enables more comprehensive customization and extension for any project, more info.', 1, 8, '2024-06-01 22:19:30', 1, '2024-05-10 00:41:31', '2024-05-30 22:23:23'),
(2, 2, 2, '6658e04cd08ff-o-que-e-php.jpg', 'o-que-e-php', 'O que é PHP?', 'Secondary — Use the color option for lighter text. Use the bg option for dividers and to indicate disabled component states. ', 1, 9, '2024-06-07 21:00:35', 1, '2024-05-10 00:41:31', '2024-05-30 22:23:23'),
(3, 4, 2, '', 'o-que-se-faz-com-o-php', 'O que se faz com o PHP?', 'Danger — Theme color used for errors and dangerous actions. Warning — Theme color used for non-destructive warning messages. ', 0, 9, '2024-05-30 22:31:48', 1, '2024-05-10 00:41:31', '2024-05-30 22:41:41'),
(4, 10, 2, '6658e06ed35f0-o-que-e-pdo.jpg', 'o-que-e-pdo', 'O que é PDO?', 'Warning — Theme color used for non-destructive warning messages. Warning — Theme color used for non-destructive warning messages. Warning — Theme color used for non-destructive warning messages. ', 1, 1, '2024-05-23 20:17:24', 1, '2024-05-10 00:41:31', '2024-05-30 22:24:24'),
(5, 10, 3, '', 'o-que-sao-sociedades-matristicas-664dc53b399a8', 'O que são sociedades matrísticas?', 'Considerar que os seres humanos já viveram em harmonia entre si\r\ne com a Terra, mesmo quando em sociedades complexas e de\r\ntamanho considerável, indica que isso, então, é possível. Ou seja, já\r\nfoi possível para os seres humanos. Faz parte da natureza humana', 1, 8, '2024-06-08 22:03:01', 1, '2024-05-10 00:41:31', '2024-05-23 20:05:21'),
(6, 10, 4, '', 'o-que-e-twing-664dc66a1529d', 'O que é Twing?', 'A relação do homem com o meio ambiente vem mudando ao longo do tempo. No passado tinha-se uma visão utilitarista do meio ambiente, do qual se extraia os recursos para sua sobrevivência. Após a Revolução industrial prejuízos ambientais começaram a ser vistos decorrentes das formas de produção e consumo.', 1, 1, '2024-05-22 12:43:00', 1, '2024-05-10 00:41:31', '2024-05-23 20:05:21'),
(8, 1, 6, '', 'o-que-e-dev-664dc5655718d', 'O que é Dev', 'Yaaaa 2', 1, 1, '2024-05-30 22:25:11', 1, '2024-05-10 00:41:31', '2024-05-23 20:05:21'),
(16, 10, 1, '', 'java-spring-664dc573424b8', 'Java Spring', 'Aperiam a velit cons Kathleen Best Kathleen Best', 0, 2, '2024-05-22 12:43:07', 1, '2024-05-10 00:41:31', '2024-05-23 20:05:21'),
(18, 1, 6, '', 'identificacao-e-segmentacao-do-mercado-alvo', 'Identificação e Segmentação do Mercado Alvo ', 'Usualmente uma organização não é capaz de satisfazer as necessidades de todos os potenciais clientes de forma análoga, pelo que estes devem ser divididos em segmentos homogéneos que sejam diferentes entre si. ', 1, 11, '2024-06-07 20:28:46', 1, '2024-05-22 11:55:05', '2024-05-23 20:05:21'),
(36, 1, 8, '', 'quality-web-development', 'Quality web development', 'Hmm. We’re having trouble finding that site.\r\n\r\nWe can’t connect to the server at web.whatsapp.com.\r\n\r\nIf you entered the right address, you can:\r\n\r\n    Try again later\r\n    Check your network connection\r\n    Check that Firefox has permission to access the web (you might be connected but behind a firewall)', 0, 12, '2024-05-30 20:04:27', 1, '2024-05-28 23:25:52', '2024-05-30 22:41:41'),
(37, 1, 1, '6658e4ebcad92-dreams-logo.jpg', 'dreams-logo', 'Dreams Logo', 'dsafgfh', 1, 64, '2024-06-08 22:01:58', 1, '2024-05-29 00:18:51', '2024-05-30 22:43:43');
INSERT INTO `posts` (`id`, `usuario_id`, `categoria_id`, `capa`, `slug`, `titulo`, `texto`, `status`, `views`, `last_view_at`, `usuario_updated`, `created_at`, `updated_at`) VALUES
(38, 1, 10, '665b83d6143bd-teste-editor-de-texto.jpg', 'teste-editor-de-texto', 'Teste editor de texto', '<p>jghkhhv vhghb dfsgf <img style=\"width: 220.235px; height: 95.85px;\" src=\"data:image/png;base64,iVBORw0KGgoAAAANSUhEUgAABV4AAAJWCAIAAAAvKws/AAAAAXNSR0IArs4c6QAAAARnQU1BAACxjwv8YQUAAAAJcEhZcwAADsMAAA7DAcdvqGQAAP+lSURBVHhe7J0HgBNF28d3Nrk7OihFbKioWFFfP3t57eWVXqVLVUERUWyIBaUqgg1FmjSlNwXEigV7b4AIqIB0Du64gyvZme+Z3bmQ2yR3KZe73eT/489mns0mt5k+z87OMiGEpmmHDh2iLQAAAAAAAAAAAMqfypUrq1BFoKtXAAAAAAAAAAAApCRwDQAAAAAAAAAAACkNXAMAAAAAAAAAAEBKA9cAAAAAAAAAAACQ0sA1AAAAAAAAAAAApDRwDQAAAAAAAAAAACkNXAMAAAAAAAAAAEBKA9cAAAAAAAAAAACQ0sA1AAAAAAAAAAAApDRwDQAAAAAAAAAAACkNXAMAAAAAAAAAAEBKA9cAAAAAAAAAAACQ0sA1AAAAAAAAAAAApDRwDQAAAAAAAAAAACkNXAMAAAAAAAAAAEBKA9cAAAAAAAAAAACQ0sA1AAAAAAAAAAAApDRwDQAAAAAAAAAAACkNXAMAAAAAAAAAAEBKA9cAAAAAAAAAAACQ0sA1AAAAAAAAAAAApDRwDQAAAAAAAAAAACkNXAMAAAAAAAAAAEBKA9cAAAAAAAAAAACQ0sA1AAAAAAAAAAAApDRwDQAAAAAAAAAAACkNXAMAAAAAAAAAAEBKA9cAAAAAAAAAAACQ0sA1AAAAAAAAAAAApDRwDQAAAAAAAAAAACkNXAMAAAAAAAAAAEBKw4QQ9HLo0CHLBq5GaIJpjMlUZZS45j5eFCAoIJM7JPRBepProQ/QucaZ/HJlh4U+HvoYVpgT7m/L0/YdVEYQgr6wMJdpXAaCoP2a75DMxaH+LBOc52wN+avl4dxgB7fx0O8yzSgQh7aH/F6z2AgtZ4uyiyPMFNCqN2A1T9OOvpxVP0nTvfQh+iIZhzJpAAAAAAAAAKAYlStXVqGKAK6BJEMOkYUw2IG/xZYPxLaPjcwf2AE1NtatYbYMhhoM66ZrINRbhPVZOR4uAaHRd3Bl2KEBMY23w3xDkTcjFLSbMqkcbof6LO2SByjLjvmV4d+n3fJXh3i3aAgf/out0wqF/FZzSwfRUYYmdKFrZ9ymn/OAVuOk8N8JAAAAAAAASF3gGgDxYI0zzZEqLxRb3uUf384K9ocbn4MKx3P9fO2E/zHmkXMl1D4AAAAAJAp59UH66p1IQUFBfn4+bbOzs7OysiiQl5dHAWsKqM/nS0tLs/rq6enpNGaoUQSZlSpVoq31PQCA5ACuARAPQuiMGhbtu8d8v7/M1Jz7MJezgRNgOpU6/dbfWY2GGjfMiQUAAAAAKEsKCwsF5/7ukMfjsQbbNNLmnPs9BTavgXWMMsoIwzBohE9jfhrwZ2ZmfvPNNz/99NNff/1Fb8lum/UXzZNQf1pe7glxGnSI/8wPnycFNFGtWrUbb7zx0ksvPeaYY6pWrUq/Ub4FAHAhcA2A2DAbEcbFllXaO8344XZNIlsOSlrGdC4Ov8U0XcgmJFyjZ35IhW1Y3xHugxa6xricPK9MG8K6lSEMdMJ0ZmFu+zc/LL+3+I80kT9Q98rWNdS7FD3C41FGEOa73uDWlzDX56SmWQ950hSl8gBPRsgTlm9RPIs8ZhRq3EcRbt1fQC0/HW+dJUU1a9BUv2Ge+dvkW+ZuAAAAAJQBzZo0lW1uqEY8JNZgu3r16kcffbTX6z3ppJNoT6NGjax3G51+mhUIia+gcNOmTRRYv379zp07s7KyKGC9VVGcdsbpgwYNOvLII9PT02WfEICY8Pl8O3bsUAaIDKsyoaJXr149tSsa4BoAsUADShrZGnNOE7lbpXe5+BhVjjyFR3gr6ek1tSPO5mmVaKduDUtrn6OGp8WhrMAEF3XPU7Yd+gzTjmysrJB40+mU5HA6FMKTQduQjgPBGPekh/6YCfNWMjNquLaN9odu/K3CqYwQlPCdFnRSoW/OMD0ZpqclBPSdXNN1+dGCA2LDbN93j3kKsilqKI6lf8D6XqZ5qhyndVgnz7KU0wAAAABARFC7v3DhwumvT6Mmt8Q+QGisgTR90OpCyAZatuolfY+/W3W411Fq/yLByH4hnYnOvF7vRRdd1K9fv5o1a9LpEeoIACJg27/bbu/TRxkgGho3bjxy9ChlRANcAyAqzJaOKnvBjRlH88IDarccbZoOAmqW6vxf2tVTtRqnmqZ618Rq2EpoFeitkhq/0ijp+81W0tyEgPZbV9bDEfbE5A8u6YPWWyX8ZDqghHfDUfqnih/BtIJ9fMlVPPtP05A/xzwzxqod5+nwh7TQWoNYOdwZlRkrsbfUBv4tP9aekv9uyA+GI/jgRP+u+Al5htYe67eEO8B61x8IJviDJRwMAKDS0axJU2UAC7MKOeXUUx977LHatWvLHWY1gsoElAxcAzED1wAoN6QPu3DG0XpBtn9Cu1nnM/30XvoVLwnzAKEZ5ngbOARKIqFl/sYXXUxtsTDnDsi9QmMntdJveJP6MuoYkMIsWbx4yuQpFCjWY6NhoRA1j6hFe2rUqOH1eD0eT81aNendI4880jq4fv368kizRalZs6YVpsPq1q1rhf34j4yZzMzMgoICZQRgm3NIZ7t9+3ZlmOzcuVOFTOh7Dk+7YWzfvkx/B5XCgcUhM3MffZtZRhQldGflkWacWGZZYfva4BM4vMc6ccYo/mvUqE4hSiZ6q2q1qunp6RkZGVWrVq1mUqdOHTqGUsTr9VKYtvQluq6npaXRljC/2A59lXUyAICQrFy58qWXXlIGCMCqcqkCadW6dZeuXbCEISiVbdu29YFrICYaN248ahRcAyDRmPU6f+sGvvMLf0+UOolMz9B77dGEXPfe7KLSbvqP7qODMNODaTzfmHGs8OWqveYwwtttl5ZeTe0AKcwdd9yxdetWCpjePWuOatGQWBZr6fWzSrV/fGhVAoH4awYLmxknUX1bCQeX/D30Lm39B9gOtuKlZGRZC8KKQCtg7Ykc84P0qWJfG/J7rM63hf/MZcA8Xk7vKtpD28Df5T/YPEv558iggPVXataseeQRR9Srd1TdunVq16lzVD1J7dq1q1Wv7vVKbxFhfg0Aqc64ceM+fP8DZYAAZN1idRLNquboY45+dsyYWrVqWe8CEAxmDcQMZg2A8kAwoR/aY8w8wVpcUJfPJ+CiUm292xZZ2wf0MkvAejROZmZmbm4u5+rydfXq1a2AjWrV5JDV6sUGk5aWlpEhFxGInHCXwsoE/8+JnMLCwvz8fGUEYRWQnJwcywzm4MGDVIbpR1HHvUqVKhQh4eJKYQ4N+JRqGjdobKeGFp4Mb8/95kAApDRNmjTxDwUBiAS/r0Fh3mHVoEGDhg0bnnHGGccdd1yNGjXq169PVZPH47GqXzq+lGoKADczbty4Dz6Aa6B0pMOSsUqVK7366qvBU8wAIDBrIGYwawCUBzT+F9PqMl+OoXZoTPd6e2YJee8AdfXCDowpoXfs2PHwww/nZKvlCfxu45iJ/xvKHKu/G9VZxfMrrM8GfgOFuSbuueeeK6+8MuRFPGqJOaVV1no+/zyda4bZP6ez1tv8otU6Bb31FMdyDcBJBErGX+fIgMwvhzOM7OuHR14zNCvJhg0bXnjhhf+94sqq1eWtDdYtDNZbALgdzBqIFPPqElULRJrXO3PWrHBXiUDKglkDMYNZA6Ac0LWstXzef4R8NL7VL9S8XXdpaVVpeGodEZK9e/fe3ud2XIosH1SvnYvTzjh9xIgR1OEO7LhbCI3xqdUF91mmrmncW8XbfY9lgpSlSZMmKgRA4rEqK2ZOMCaTwlRf1alXt3PnzldccQWFPeaj4K13AXALmDUQG1TO69StO3XqVK9XPteZUG+AFAazBmIGswZAYpEPI9S4783jWN7ew9W1ztJ65HJ5nTE0lL6vvvoqtZGyb1fio3dAGWO6b6hjPXv2bGpl1c4izCnj3JhczfLWEx5KrJaf63X+o2yQkjS9pQkVVXTIQAVAdZGZ9/Si9oTCMjcyjWqw6tWrN2rUqGXLlmeeeSbmFwCHg1kDMULlWhZ7rUuXLh07dlQ7QWqDWQMxg1kDIMFQUuVuMeacblmyv6Zr3o5/a5Xrmk/XD9FRo0+88sorH330kZXKoKJYtGiRCgXCdN+kyjLZhFxCQga8lby37TEngKDbnYrs2rWrZ48eKKvAyVhrYdB/j8dz4kknnv9//9e8efNateTjM9QRAFQo1OF5/vnnMWsgZqgkUzNUqVKlN998M9rFpEDygVkDMYNZAyDRMOONhuJQ0cPAZAeNeXrnmtU4EWJAsXnz5vvuHcjNbhyoQNIy0ufMmaMME0o7oWsie4OYe471BEorjTxd/maV6vmnEoCUYu3atQ/cPwizBoAL0GUl5c+oVvXFdHbCiSdecskl11133dFHH22+A0B5Q9ny8cce+/GHH5UNoiSwDbqtR/d27dpZYZCaYNZAzLh01kAC14oHZQw3TL9A0ahRaKzpShUK5Regmn3gvffSNvzdBqBcYFphQcHbb7+tTBPpraGkqX6yqHSklXoynRgz3myosagfsgCSCX+fDADnwuVyKlSNWbIQXPy96a85b87u07t30yZNSc2bN3/2mWe/++47K1cjb4NygFrS/VlZygDRE1hOp0+b3qljxxie/QQAcClwDbgGMfNoGuKbz6WS6Hq6ftTlVjgkNBZVTgH0xioWin6hTX99Wshusd7sffPym8ScpitEfrayAQDAjchKj+o7QSOKjz/5+MnHn2jetFmTJk1atmz51FNPrVu3zudTK7ACABwLIzQtKzu7efPmu3fvVnsBAEkNXAPORw0ceeFB6/KMR3jkUjFXjjcr7bBMnz4dl2icA6XFkiVLlBGAXvN0o9IRyhByyQFj7hlmzxoAAFyMbK7MmQUEVYAUMAp933z19f0D72vZvEWzZs1at249aeLE7OxsW1NVctMGACgfqGBaJZcKco/bur/77rsomwAkPXANOB+qlYXv7Ws1ZlhTBgydM85Yo87W2yF57733rA4ZcAjUoM6aNSu4WeVC09v8ZIUZpZnwaPlZ2oF/dHgHAADJiPWAA8FFQUHB0rfe6tyxU7MmTVu1atWjR499+/bRAZi9DIADeemll/r3768MAECSAteAS9j5lZydSQEh14fRrhgjR5HhFxGY8MqrKgScAxefffIpvQY6CCjsqVxPF8xjuuaF5hNME0uuMFA2AQDJiHUpkl6kZ5SbYU0rzC/YvXNX185dmt7SpE2r1jQC+fPPP62DzQ8BACoaLjZt2IiHGgKQ3GD44QKMz/p5inpHlGDywQRn9FV2KL7++mtdR8o6C6uDO27cOH9YITj91ztv4gF+HpGfybLXKwMAAFIGxlhhYeGmjZsG3ntvsyZN27VtN3To0H///Ve9DQCoULKzs1u3bKUMAEDSgQGkkzEvLtMw8o8ZomjcaDChXTxc3b4ZhBp/jh1HgWLjT+AYfv75ZxWysGYQVD1a81byJ5hgzFh8ucbk4yUAACB1sBovs+2T4bxDh779+ps7+tze9JYmnTp1euONNwoLC+lNa+4VHSA/AwAoL6j7WVBQ0LJ5C9qiAAKQfMA14FwE41Tp8p9Gy3DRvQM6hRr31zTDMm1Qb+mXX34pLChQNnAeI0eOVKEABBd6s48P+wEo4QtzRGFOGBcQAACkEJYjIHt/1uw332zVsmXz5s3vv+/+P/74w9oPACg3rELn8/natm5z8OBBaycAIGmAa8C5MDnFXGjfPWXelKkmCuhn38V0j8495iEhGD1yFC41OxlfQeHatWuVUYSuc1b7bC2thnT9SKe8dMUbM46jXKCOAACAVOXwxUl6FRr3GevWrr1/4H1NmzTt1qXrp59+ahih3eUAgLLFXxg55x3a3+rDg0gBSC7gGnAuQteMX19SE84JXQ4atUtGy6EjC72A85YtW/Ly8pQBHAkXfNiwYco4jE6Nrd5sJaWrXGbS2mUUavmZRT1iAAAAxREiMzPz2dHPtGze4tZbb501a1ZhYSEmOQNQHpgPzWrZsiUccwCExKVNEVwDzkVOE/j6UX/WYlzTj7+eMd3s94ROuIcffIgRLs2MqQHTWN7BQ9u3b1e2CaWp9Pscca5IryoDJvRiLL7IbwIAAAiG6k8i90DOnDdnt2rRsuOtHV5+8SX1HgAgQVBXk7qjXLRp1Zos2feEVw6AAFzafYdrwLnwdVNZ8dkB7MaFKhQKqpTz8vKEW71UqcWDDz4Y3Ih6ND2t9Tf+vQZVKjnb+IFNygYAAFAaOTk5K1eubNakaadOnaZOnar2AgASAGNMrjvQpo1hGNYyBAAAC5eOx+AacCKycqWB45f3y9nnpkniNU4wby4Im9M6d+4sX+AZcAMHc3KDXQOcCVbtJEFbc9lJ2nro9e2bzKDMFAAAACKBKtjs/VmLFy5qekuTnt17vPvuu9ZO610AQJlglam8Q3kdbu1g7QEAWLi04w7XgBOhcaDY8i7z5XNm3oNu5i7vrWvlUDFMTjMMIz8/XxnADdx2220qdBh5X4He5kfzJgKZ0IbGxcF/tdwtOnq0AAAQJda4ZdeuXS+98GLTW5rcd999GzZssN4CAJQhuQdze/XqpQwAgBzNuRK4BpyJ4B904OYAkZszBVjV42lvaK+AySOPPEKjSGUAN3AwJ9dnPqA7AJnC7IjThCfDchNQigrKDAsvojAAAIB4+POP9ffeM6BF8+avvvpqob36BQDEDhPazu07Qj6eGYDUxKU9d7gGHEn2JsFlr8Uc68sF6liLT2QwDD6fb+OGDZQH5WAScoM0ndF28KOPqiQsjt5kWaCzURRkaRzPB0oJAjMJBEGJkM8wlr+9rHXLVrfddtu6detU2QPJhS3RofLR6tWr33nnHZUGIDkISmUocrkRuAachlx30LfgP8otYPqcjGrH65XrW2ZIxo4da11flrekQ26QxuWCAhv/3MB5iOdQsqMuZ97KyjARs44XVFqpmpEfBkmLP4dAEJQ4yc6uEHt37xl03/2tWrQcMXyED49nTy5sKQ6Vm8a//HLm3kxKAiztkSQEJTEUudwIXAMOwryBQNeMPMZ9ZlhC+cp7y7ISPE+GYXz99deWdwpynZ577jmVkAHI2qTJSmWYecBXkKUX7JeZgj4DkpfAvAFBUKIUUNYKfIWff/F5yxYt+t3ZNzs7WxVF4HL86QuVp6TTTdO6dusqhMADC5KE4kkMRSU3AteAg7CeO2jMOZ0CJEob6XPKqM1qnFxC9prw6gRZBRd3U0HukKZ99cWXhmGotCyCklOvdwFjaWY7a+6gjLH4EplHzEwCkhV7DoEgqBxEZU9omzdv7tShY+eOnZYuXWqVR+Be7EkMlYuoHNFW19it7dqrlABup3gSQ1HJjcA14CiEyNvFDu1WFnVXdKY3XUnJJG9MD8NHH31EW8s7BblMlMaMvf7661ZSBkDJreutv1GWiTjwj8j913wLJC32HAJBUDkooOhlZWdNmjipaZOmr4wfH+y3BW7Bn6BQBUjTcg8dfGzIEJUYwNXYEheKXCoGXQZcA46C8eW3BNydJecC6LXOooC1BkEwM2fMNFeyt7upILeIkvudFStUch6GkluwI08365XDvgCx7GYzM4CkxZY9IAgqZ8kqVs7bEytWrGjRrPnTTz2Vl5dnTY3GBGkXYUtWqDwl+6VC+/GHHz/77DOsOOB6gtIXilQqBl0GXANOoiBL27fG3/egTMVafSHrV0noDLZk6RLrnWJuKshd0rQ33njDTE8/MlGZ4HrzVYcbVcoJ2Ru1/CxZ29DHQDJSLGNAEFSBMsvj11993aZNmwEDBuzcuRODHBdRLCmhCtKoUaN8WODT7QQlKxSpVAy6DLgGHITxfjuNscPzFxljtRvLm7bC8Pbbb0u/gSnloILcqUWLFqlEDYDeYUddzPQ0CktPACU00/j8cwUTQkcPNTmxZQwIgipWVOvSdsP6P3ua7N7tv+MPOJrARIQqUK1bt1ZJAlxKUJpCkUrFoMuAa8AZCF3jXGxfLRcUlKki00W/bpbchs9aM2bMkLMebT4qyIWiGiR44SvaqWlcv36OzAOU0uZtBjxvt84N8y2QhNgyBgRBFayiUkns3Lmzx23de3Tvvn37dllaMYnAwRxOQahixfnDDz+sUgW4EVuCQpFLxaDLgGvAGTCurbhZhalJkzlKYye2NBMo9DJI3377LTcMOlS5piA3i7qYs2ZJT1AgZjZgeoObNU/lQAcRn3O6CoGkw5YxIAhylDSd7dq9uzfRqxdmEDgZW8JBFSXqyvz+62+fffaZShjgOoLSFIpUKgZdBlwDjoAqT2PHamVIBLvwaRUKk7XGPDuGtoddU5CbRYnMDePrr78udhmKWXWLxq6fzeSzLBUid5vI36cMkFzYMgYEQc5SURW9fceOnj163H3X3ZmZmdYe4CjsCQdVoIQYNWpUbm4uJtq4EltqQpFLxaDLgGvAEYhVtwVmIMZ0/bz7lRGKzZs3Gz4fKxo7Qq6XrHq158Y8F3IFbHb8jYIFPqJC8OU3qSBILuwZA4Igp4oq7b/+/qtr164PPvjggQMHVBkGzsCWWFAFisZItO3WtRue8eFKghIUilQqBl0GXAMVivQHyDGh2LjAY+2xOL2H+VZYBt47UJgoG7gcKykNn2/z5s3WnmII4Wn6EZVVc3qBqb2/a4cwlxUAACoSq/+35rffO3ToMGbMGB8WYwcgCCojRH5eHhYdAMD5wDVQoZgOVP79U7QNXFFAv/wlcwAYmn379oV/E7ibgQMHqlAgTBP1LxZMp/aVWliuaYIJY8Utpm8pcDYBAACACoDa5I9XrWrZouWCBQvULgBAcX775devvvpKGQAARwLXQEUiB3qCi59GmyM+6ltIV4F+UmuySrhF5T5zyoAyQJLBxf79+1U4ALke4Y0LeNFsPJn8+9YII5+jCAMAQIVDlbKUmDb19VYtWv78889qPwAggOFPD8vJyVEGAMB5YFxRkVDs8w1vKIOGf+Z9Kfo100zHQOjB/759+3BPY7IizHH/gAEDTMsOO/5mnXkD1iMUfN5ZKMAAAOAoCgsLBw8efNtttx06dAh+fAAOY3ZyenTvYRoAACeCkUVFIStIeY3hk9u1oq6DYEJr0ETTvaZlXR6289STQ6mrYd24BZIMK1lzsg/s2bMn9HqE10zzr0coVy7M3Sl4frisAgAAoEKgynzv7j3t2rQdNWqU2gUAEHJlpUMHDz7yyCNqDwDAYcA1UFHIUSDfstIa4vmRUwbCzBcgDhw4sHnLZvVIDCh5NXSodACpVD8M0xq2Ep50y+Dmscbiy9RsE5AUBGYDCIJcLeLz1aubN2u2atUqs3yD8sOWFpBzRD2WX3/55bNPP1NJBRyPLQWhSKXiz2XANVCBMP5eW+lCNZNB1xire76WVk3WmmEYPnw4ZTQ5EoSSWtu2/nsgO/i2ETlbxHP1NLNhlXDKDfvWivxsWQOBpCAwG0AQ5GpJhMYN/tyzY+7oc3tWVpYs43h+W7lgSwvIOZIDJqGNHjUqOztbpRZwNrYUhCKVij+XAddAhSF2rNaEmhxu5h+hN3lfZiVZa4aAc75+/XoKFPNIQcko6js+9bR8bkUgsoqht05qJXNLQB7hK5uHyzPAddhyAgRBSSCqs//d9m/nTp3nzZuH1QfKB1sSQA5Uzx5YdMANBCUcFKlUDLoMuAYqDP5eOxUyy53IqKN5K5v5KLSb6cnHn5B+A3rb746CklTUd/xr4ybOiz2YsKiKEZ6bFvkvO8nXXd9qBXC9Jwm2nABBUBJIVt9SYsa06c2bNtu1a5cq8CBh2JIAcqDyDuUNGfyoSjDgWIISDopUKgZdBlwDFYPI/I0VHH5GHeUfT+eNyggFjRV/X7NG5rJAdxSUpJKprIkhQ4ao5C8OO/5mTfNYYdNfIIxlN5gWcD22nABBUJKJc96jR49JkyZh+kBCsUU75EBRV+enn39avXq1SjPgTIISDopUKgZdBlwD5Qx1BhgTgi//H5cD/SK8VYQnTYVD8cLzz9NHZS4LdEdBSSorof9Yu04lvx2mXfWatXwl/ZfHZv7Kim5OAa7GlhMgCEoyWcV86eIl7du3x73WiSMwziFnyurqjB45KicnRyUbcCBBCQdFKhWDLgOugXKGaboQeXtZfqa67GviafUV5aES+Oyz1XZfFJTsoswyZswYlQMCEBpnp3bUmMc8RGHMa2xaJWYj4HhseQCCoGTVwYMHO3bs+MasN1ThB2WKLbYh50oT3bp1U8kGHIgtvaDIpWLQZcA1UN4wIYxFF3Aay5l5Ri45l1ZDq3VyCasWz507VxNydXoopUT548vPv1CZIACZZwRjl4+lgL/eEQf+1owC0zsAXExgBoAgKLmla2z2m2/27NGzoIBqb1CW2KIacqyoG1OQl3/fwPtUygGnEZRkUKRSMegy4Boob4RhaHm7ZVEzmy76r980n6xwtx3S/nlz59odUVAKiGCMzZo1ywpIWyHrG/303hrTZd9SIThWHHA/tjwAQVASi0uvv7Zz185WrVp9/fXXqhYAZUFgPENOlpVY69f/8dZbb5lJBxxGUJJBkUrFoMuAa6C8EfPO9GcWeflXr8LqX6nsUHz++ee0NS8UBziioFQQbYRYvGgRbQkrPwQg2JUT/EsM6HT47m9E4QHLBC7FngcgCEoBUQX+9NCnnnj8cduDaUDM2GIYcrioYzzxtYmZe/eq9APOISixoEilYtBlwDVQbnA5tjPyRO42GvJZu4QutGtn0FuWGZJx48aZdaa8tgCllqxE17SPPvpI5YYAGNP1Rp2UQTnEXKWSv9/BLNQurY5AUB6AICgFZE0f+O7775s3a461CcuEwOiFXCHquXTt1g3eMccRlFJQ5HIjcA2UE4J5aMPfbUPDN7mMnDl6o9GcfsItJaTCmjVr6HC7FwpKMb3yyisqQwTCNYNp+rWvW5ZhOQS2r9J8B11aGQHClvQQBKWWNK1Tx45ffBFilRkQFfaIhRwvq7vbu3dvlYTAIQSlFBS53AhcA+WELgTjBXzbKgqbWUWO3jxXvW4Z4XjyySdpG+h/glJQ1F5+++23VpbwQ02oLhg7+VZ6XwaEnHwihGasuFGXrifgSmxJD0FQasnsIYwYPmLo0KGqUgAxYY9YyCXatWPntGnTVCoCJxCURlDkciNwDZQTNHbjn97tzySCdgidnXqrsC72hmLNmjWGz8eIIC8UlFIiRo8abWaKELDLxgbUPkzf+b3pJQiXrYCjsSU9BEGpJbMS0IT45ptvbm3f3jAMVTWAKCkWq5B7RGVg4fwFmzZtUgkJKpygNIIilxuBa6CcENwQf77pzyQyu1z8tAqEyTqjRo6ibaj150CKwSgb8N9++02ZxdHPvFNj/oIsOBPGkstlKFzGAgAA4Ej8LT71DXJzcls0b/H333+rPeGfcAxA8iCXWRL9+/eHXwy4HZf2wuEaKCfEV4OKXcZluufckh7iunXr1tycHAzuACHXrRTaqJEjZThE71CwC4pNPWV7fhK8AKUbAABcDY2S7u5317Jly5QNQGpAHZ1b27dXBgDuxKXeXAweEo558VZov01gAdf/9TN6lXBRl4Z/jz76qDJAymNdR8o7lLdhw4ZQs0iY59z7qSRbdRC9zSmrrWzp0nucAAAAWFjzUSe88upzzz1nVf6hmgAAkg2msby8fGvFDeR54FJcmnHhGigHhPHtE0JjnIb8ao/GLn+BCY8ygsjKysrJxgPqQTGodRz6hFyWMhi5tMBlz1thC77tY+bLVwYAAAD3wrRVH37UqVMnzjluKwCpgHycpya+/fqb4DWYAXALmDUAQsM0nf08Vj2BUMgY14++mvYLLextVHfffbdbMxRIGNQjPHjo4L59+5QdANOE58zb2eEVB2gPMz7qrAwAAADuxbz2lL0/q3Xr1gUFBeYuAJIZq8tMDB06NC8vz9wHgMvArAEQGv7H6/57B5hcT47pTZZbZkg45zkHsMoAsMPNPHF3v7ss0wZnGguYOCDvXtm8XOM+ZQMAAHA5vsLCVq1a5ebmKhuApIeLtm3bqjAArgKzBoAN3ZwPxcRn9/g9R0JjrM65JWeW/v37Y8YACEZ60IWWl5fn84UZ8J/RS05RkSEmFxoQGl9+i5n1kKEAAMD9mJdSb23X3v/YAgCSHsrz/fr1UwYA7sGlF3nhGkgUghmC6WLbx5pm0IBN7aUYb/ahJsJGu2EYO3bsUAYAoQjZRjLBGW3/bwjlPKs6otaU71xthl1aOwEAALBDdfzd/e767rvvsDwbSBE2//3P3LlzlQGAS3DpdTm4BhKFvMbLOF/xP3rl5jpxumDsyMaaN0O+FYYRI0agsQclk7lnb2FhoTIOQ2WZ6f95iDa6fNahvMXAo2nGO03gGQAAgKTB6kI8+fgTH374obkD2NmyeYsKgaSAMTZz+ozt/25TNgAgYcA1kCiY0PVDuwMfIMeZYP9bKgS9hB6rGYbx448/luA4AIAQQjz99NPKsMO0c+/lRVnIoOb030+kbwoAAEByMW7cuMWLFysDBOAzsM5OUkHdHurO9OnTBxfPAEg0cA0kDlE46yS9qBLzUFRXP0GvfFTIJw9Zld3016fpuC0cRMDvv/5mGCGecCE07rnwaX+uk6tdMOH7uGcJ97AAAABwI0xoUydPeemll0L2K1IZDCCTDytNmzVrZpkAgASBAUOi4Ae3yZFaEYbGvS1Xh2usrHZ9+fLlVPehSQMlY+WWF154wTID0U0XgLh4eJGpCabrG+Zrmg/5CgAAkgzO+bvvrHz55ZdRw4MU4dFHH1UhAEACgGug7DFXh9fEW1cxTef0Xz6WgGneylpGbf9TDIPxr7AC9z8oGasL+MXqz4P7glbWS2s8kF6obFP2E4JzJvgnvRhDYQcAgKTC6jC8s3zF6JGjKAwHAUhyuPj5x5++/PJLCiK3A5AIMFooewTjWu42Yc4akM02NdxC6O1/l414mAinw7D4KogKrolXX31VGYeRzgG5qsWFQ0XAzSliw3yNsiUAAIAkw6zpV69e/dxzz+HSAkgFhg8blpubi9wOQCKAayABCOZb8T8h/Zn0j7Y0UNP1KvXpDVPFsKq2JUuWYPVBEBWUYT744AMKFHec027KUcxzzqDimU34VjS1AshpAACQPBRV6R998OHkiZMogKupIMkR2q3t2qMzA0AigGsgAfgO6FkbVFgiPM0/U8EgrCZ85syZ9CIYBEUqC8o5uq4H+84Z0/WzByjDYtsq2ZzKB2TA0e5cbKkMQRAUoajeX7J06fz586lFgHfAFjlQMknOwWWsbft2KrFBQgmKfyhyuRG4BsoQ66mEnC+8xH9lVq4zoDG9zn8sMySrV68WBpd1nZxgAEERiaDtkkWLqQsY3AvkGmeXjPRQ3hMk6RKQ/1a2oQKP60lOJjCJIQiCIpes3IWY/vq0r776CnOtbZEDJZOsrH4o9+DEiRNVeoPEERT/UORyI3ANlCFUVdFATOM5f/lHX9JndM3Ukv1GY8eO9buXICharVy5UuWkYng0YfAzejEm/GsM8C0r5b0tAWsQAKdhS1wIgqCoRDz11FPff/+9WaOkLrZogZJSS5cu/euvv1SSgwQRFO1Q5HIjcA2UKUyweecF5gQmNP2UDtJrEAarUgv0MEFQVJoyabKVlwJhGteYx3P585zC/hxJez+9U2OGMoHzsCUuBEFQVCJ0jT3x2ON///13Ks8dsEULlKzqf9fdhYWFKtVBIgiKcyhyuRG4BsoMeeeT0IzsDVZOoAZZPrbwohFCZo6w8fzAoAfkbYFBfiYIilCc899//13lp+JQB5GdPySwahLrp+OGAidjS1wIgqDYdNddd2VlZamaJfWwxQaUxGrdurVKdZAIgiIcilxuBK6BMoMGXHxVd39GYEIG2bn3UijcovC5Obnyjiku34eg2EQ88djjZoayw6Vr4GHKkfIhGdJbxTjTjNX95OfgIHAktsSFIpd0hAWYNvz7Aw+zfQSCkkydOnRUBSD1sEUFlMSiXvQ9/fvLAHXF0bkpc4IiHIpcbgSugTKEaxvmi6J7B2gMxs6jURkLeTOBtXRcj549uCxzh91LEBStrPyzZ88elbeKoevCo53dn46R/+hAynbrZ6rxEHAegSkLRaVTGp16ZJ3aGRkZNN4nhfQU0GFU5fo/EhiGoKRU8+bNVe5PMWzxACW3Nm7atPTttyjdsQBn2RMU21DkciNypEAvhw4dsmwQK4z/OEp895SMUVmO5B5Pb4pV/xpwdijOu3TqrAwA4oDaQqbr8xfMV3YR8k4V2UPifHI1HxMes7zTkIk3bJF2zRzabx0GHMLatWsfuH+QMkCULH9nhdWc2fCZWAHDZ2z+5599+/ZlZ2f/s3nzls2bCwoLiNzcgwdzcznnqimUbrSibZwEflWZfCEAUcHYUUcdNWXqFGWmBk2aNIH3O6WQd+Zq2qTJk+rXrw/vQNmy7d9tt/fpowwQDY0bNx45epQyoqFy5coqVBHANVAGCMGpJjImV5NDMes+Ano9+y7PJWNMK3QD1bdv3507dyoDgPigAf+Eia/VqVNH2cUxPu6lbZzjHzgJnaX1PIhhitNYu3btoEFwDcTI8uXLVShiZG/SLBRWgKAA57I+t/YTFPB7FqyAYRgbNmwoKCjYsmULBQoLC//55x8y5TGFdEih/EihPDLweyysPWq/bn8XgARxxRVXPPzww7qup0iWa9KkiQqBlEH6AxijhgD1atmybdu2PnANxETjxo1HjYJrICVhghl/TOer79TNwZbpHWCeXjlMY1wGQ/gv8/LyOnfspAwA4oayWc1atcJdGhLC4FNr+NtLDx1+ahftqtcsEzgEzBqIh2UronYNBEKlw19X+8OBO6OFczkrh76BAlbR8/l8BQUFhmHQHl9h4R/r/vjrr78yMzM3b968ceNG80MAJIpHhwy59LJLlZHsYNZAypKenr5oyWJlgLIAswZiBrMGUhimGZOrWjFJ6EITJ7XwXD/bMkPy0EMPbVj/p4ixzwlAaCa+NrFO3To0mPHnRgvqJBV81putf1PZMs8yb59DwjCEroeb2ALKGcwaiIcYZg04FsuhoJwIPl9ubi610bTNzs5et27dmjVraEtvUQNCRdc2BLJ8GXIVG1nMUbaBRK41w7SFCxdmZGQENxDJB2YNpDLnnHPOyJEjlQHiBrMGYgazBlKYDfP4qu6ym2aik3pma7pX2UEUFBR06NABLm1QtlCHr269eq9OeJUKtf1Sp3lnizG5imXJTiLtOHeQ54Kn5D0w0gQVD2YNxEOcswacQyQjN1sZpzaF8Pl8e/bs2blz5759+9av+2PdunXUpVNHACCXpdXfWva2MpIazBpIaXQ24J4BN9x4gzJBfGDWQMxg1kDKweRTB3UadBmvH6kZeYeboVqnedv+VMLVmiFDhqxZs0YZAJQdNFaYMXNm1apVlV2E0DhjHvHF/fz3VzRhLokhCz/z9s7F1BXngFkD8ZBMswbKFmrlCwsL8/LyqKHftGnT5s2b//777z/Wrdu5a5duugVtngiqE+ifwISDZOSIWrVmvfGGMpIXzBpIZaxOzcxZs4444ggzCOICswZipvHZjUfBNZBSqMutm1ca77bWAx5FkNYzS8gpA2GHXK1bt4Y/GySIukfVmzBhgjKKI1ccmFLDnEEg858cFTQeoF88wnoXVDiYNRAPSTNroPzJyso6cODA77///tNPP23evHnb1n8LCwvVeyDpuO6G6wcOHKiMJAWzBoBg8BeXDZg1EDMunTVAQ1oQI7p8XDbjH8gHEHJNzgIlU0uvYfoFwvL00KdUCIAyh2m7d+5S4SDkEw5Puy1wmoD47QWZaQEAKUzNmjWPO+64m2666aGHHho/fvzipUveXr6MNG3G9OEjR9z0v5uPOfZYj9dL1YuqLcytbPJiXaMRVCAfvv/B33//rQwAkhQmtHbt2ikDABAxcA3EjvQMZP6sGWrChTDXffJ0/MPsN4XtMP38888qBEBZY10mGTBggPkaAnbFy0VH0asQmjBW92XCmkYAAAAKGvbXqVPn3HPP7d+//8RJE5e+tXTJ0qVvvvnmc+PG/t8FF2RkZNAxtjsRgPOxHDp397sLaQeSG8rnh3IPDnv6aWUDACIDroHYEYzzt671+wDkqgMZ1Vl6LWUXhyop2k6eNInaYwzDQIKgrEU57d8tW5VdHPkkAl3XT2whXzVmrW/O/5gu5MVA/w0xAIBUx2qwbHi93po1a5522mlDhw5duHjRoiWLZ8yaOeTxxzIqV5KzCegj9M9EfQA4D+qBSJjWpbOc8AhAskLZnLZfffnV559/bu0BAEQCXAOxw7hgvjxlSE8B8zb/mGojZRfHqqRWvrOSuk1WGIBEYOWucc+NtcxApN9AMM/1c+TjCg87qAT/9nGmeZQFAAARkJaWVrt27UsuuWTBggXLly+fPmP63f37p1fKsJ6bCBxOdlb29OnTlQFA8jJixIjc3FxlAABKA66B2JBXRfj0o4TpCaDhlrxMknGkVut087FwoXn33Xdp2EbgogpIKJTHPlu9WhnFYGaOFVrDtkU3DUvEL2PRmwcARAtVNbS1WrTatWvffPPNCxcufPvtt0c/+8wFF11oHqJAq+cozJZAzJ87b+/evWoXAEkK5faOt3ZQBgCgNOAaiA0hn1boy5PzJ60+j2D6jQtLHl1NnPCaCgGQYChPzp49WxlB6Ne8rkImspv40zPKAACAONB1/ayzznryySeXrVj+4ssvXXr5ZbRTeiSB8+jZs6cKAZCkUB+dc961cxdlA1BeuLTZg2sgRviiy4TGhZCLD8q096Szoy6SLoIwOeGXX35RIQDKAaEtmDffuqYXjGAerVFnyq7WrcF0kPjuSSFXI1QHAABA/DRs2PDRRx9dtmL5qNGjTzjpRP+kOkwicAhGoW/o0KHKACAZsTpC+/fvHz16tLUHgPLBpe0cXAMx4Tso9q9TYYpEwby3rFRGGKj1RWcIlDPvv/++CgXhuWI8M6cLMG7NCda070bIx2wgkwIAypqzzz775ZdfXrJ0aYdOHT1ebzivJSh/vv322127wj7yFoDkgOqcTz/9dHXoey0BSAgubefgGogaeZX1vXaB11e5xnn9YvdV2lizZo05wwCdIVCuvPbqhJC5TmZePY01aKZL3wAZ8ijxw3BGFQIyKQAgAVDT6fV6u3TpsmTpkudffKFK1SrqDVCxcHHn7XeoMADJCxPaqBEjDx06hAt1oHxwaT6DayAK5LLuNIryHeLbVwWmt/emxTovKSafxoNVQQXx8ccfq1AQ7IZZlKHl7QQmgun8uydcW5UBANwB9ctPOeWUefPnT5465ehjjkGVU+EUFBS88sorygAgqWnXrh0u1IHywaX5DK6BKBDmMMr4qIe8xCrjTjoeKQbFcTcFPArOzsYNGwvy85UBQDlCI//XXp2gjCAY8+pHX3M44woufh5rLZaBvjoAINHUr19/0uRJ06ZNO/OsszQdtU5FsmLZ8oM5eMAbSH6ot96ta1cVxvQBkEhcmr3gGogKSmWu/fOWZViDKO3iUaZ7IGxMDhs2LKzbAIAE4/P5vv32W2UUR1Cz2GS56eAyTXoVhvbzWNl0hs/PAABQhtSpW/eZZ5+ZOnVqgxNPkG2sJVCemFMiu3W/TZkAJC/Udc/M3DdyxEgZxvQBkEhcmr0wAIgIOV/gwF/G8ht8k6sXT2umn32PHErpXO0ozu7du7Ozs8JPKQAggVDGo5Zv3Fga7YdsArnsgTe4mQ70d8X5N0PkocxQNgAAJJ569eq98sorY8eOq169unwoMChPzCmReQcPffDBB2oPAMkKdYWE+Hz16lWrVqk9ACQGl7ZkcA1Exj9vGfPOFttXyxpF7TKT/PTe5otg8pJrCB555BHa0psQVFHKy8/fuHFjqIlz0mfluW62WQvIjczbjPE/pujCI/eBcseWdlDkAklAo9MazZ4z567+d1vXsaFy1vPPP69Swv3YfhoEBYoYM2bMvn37zMwCSiQo9qDI5UbgGigVITTG3781wCegoP2ey561xlMhMQxj395Myx8PQRWowYMHq0xZHOnS8mSwE5oGZG+hfdZf6Jg1UDHYEg6KXCBpuPnmm5cufeusM8+kbpUtlaGESuNiWLKsmmz7aRAUKBru0rZbl67UUVc5BoQjKPagyOVG4BooHRbsFTARmuA/P6eMUPTp0wfOtvjFdF3TGadUCHoLilCFhYV5eXkqXwZgLp8p2LUz/BWYfGG69mvYxQtBQrElHBS5QDLh8XqeefbZsePGWcsT2tIaSpA0xr786qusrCwrFVyN7adBUDGZOYQ6lt26dVM5BoTDFnVQNHIjcA2UgnXTI0VTYPrKBlTuZKzGqSG9BhbZ+7PgbItHFMOk119/XRNCZ8z2LhSVut/WXeXLYDyV2LHXUlRTkP4Ljfu+fqBYjgflhS3VoMgFko9GjRq99dZb/3fB/8naKCjFoTKX9MALrf/d/a34dzWBvwuCwilr3/7HhgxRmQaEJCjSoMjlRuAaKAUrWbnyBiiYXLZNzkZiJ7dhYeJwiFXXBDmQoCgkRL36R1WvUf3c886jlLC/C0UsyocFhQXZ2dlm3gyBfvNb3MzssnMoXzj/SS5eCMoZW8JBkQskH9QE6Lo+9KmnHhk8mBpdW4pDCVLm3r179uxRaeBabD8KgkKKuvM//Pjj22+/rfINCIUt0qBIpeLPZcA1UCoyZT099rCMI2QVYjoIaBfXPfqtf8ohV6ik9/l8a9eskWvCBzmQoMhFsTtmzBiKz8cff5zKmO1dKHJZ+dBaFDMUQjDG6piX5ooQ3z2hQqAcCUw1KCqB5MO/eOrll18+f8GCKpUry6oMxSTBIrp3uy1U18ZN2H4UBIWUNVNm4oTXtm3bprIOCCIwxqAopOLPZcA1UCoyZZmnkt5lq/fmt9lZffWz+unXvO7peUCrdqx1RDDjx4+XFY7NewRFqYxKlapUqWJFab169cwuof0YKHLt2L79wIEDVnzaYBrTW31WrBYThlg7SYVBeWFLMihygeSmcuXK8xcsOOfcc2jIakt6qGxlXQT5/vvvVNS7E9uPgqCSJMQdd9xRUFCgcg8ojj26oAil4s9lMHllW9MOHTpk2SAk8q4BxvlhDxBFW6iHwZkYhtGuXTvmco+7E5g9d05GRoaVRSlWb23X3gqDGGHa6WecMXz4cGXaYcayG8SO1cowM7und44MgnJh7dq1D9w/SBkgSpatWK5CIKmZM2fOrBkzlQEShjctbcnSJcpwG02aNEEfDEQOjeKol1+lSpU58+aG7dynKtv+3XZ7nz7KANHQuHHjkaNHKSMaKleurEIVAWYNRITQOI1JA2qLkqqO2bNno16JC4o+plWtVi0tLc3vC/B4PHXq1ZVXM0DMMLZuzdr8/Hxl2mBCv2lRQPxSW6nxTYvkXTHwDgAAnEGHDh3GjH0OdVKi8RUWrly5UhkAJDWMOjpC5BzMffDBB9UuAOLGpf5JuAbKnsWLFmEoFRdUmIQ2fNgwmwNm2LBhri1oDmLEiBEqZEMIllZNO+YaZcq4FuKjrmaImzsAAKDiOf300ydOmoSLe4nmlZfHqxAAKQBVKGt/XzNnzhxlAxAfLm2i4BooY+bPn29e58YINi6qVKt6/AkNlFFEnTp1jqxdWxkgBrjMlr/98muY+zJkJea5cT6TTxKXkzEtaWunYLIGAMBRHHPMMTNmzfR4vfDDJw7O+ccff6wMAJIe6vEwbdbMWRs2bFB7AIiDkF1t5wPXQBkzd+5c2VFxaXZwDIMHD1ah4oTbD6Ji9OjRKhSMt6pW51x//qXMzL+8TxkAAOAYjjjiiLnz5ioDJIKihwQBkCLIVZaEGDjg3pycHLULgFhxqeMaroGy5N133xUGpl7HS3pG+hlnnKGM4jRs2DCjciUZwnXsOPjum29VKATC0/IL/7qq1EwybvC1k00DcQ4AcBCVKlVa+tZbukeXK6OAMofaAS7Wrl2rTACSHWtOJW27d+/OOfrzIC5cepkYroGyZMrkKeigxM+Qxx5ToSCovh4yZAgFEM3xQNE4depUZYRAaDVOVSEhOBPii4GWYe4DAACn4PF4Zs+Z49E9ygZlzaBBg7CsA0gtmJZ3KO+ee+5RJgAx4dJ6E66BMuP7774zDEPHoDUeGBNMO+uss5QZijPPPJO25rL5IEYo9pa/vUyFQwz4md72GzlfwEwOebQwxKYlcMgAABxI1apVZ8ycgeFrgmBC++uvv5QBQCpA3SIh/t7018SJE9UeAFIGuAbKjFEjR8lhFq6sxsdj4acM+HnokYfhGYgHa9i/YsUKGS7enzYNzvQMrc75gc+F5h91NltLAABwHLVq1Xpt0kTM2ksQ1mQ9AFKNpUuW/PTjT8oAIDWAa6Bs2LFjB+5KKgOYdt5556lweC666CJrdKtsED1CiCmTzBUEimOO/mXEem9ZUdwXIPjW91UQAAAcxjHHHPPAAw8oA5Qp+zP3ZWdlKwOAlIF6mkMefXTfvn3KBiAFgGugbOjfv78KgTi48847Sx3wWwd06dpV3lMA50AcUEx+9913yghCpFUXdS9QhnQSMG1lS2UAAIDzuPrqq6+6+mrZLsBxXIaYkTl69CjLAiDV6H5bd8MwlAFAsgPXQBmwb98+7kOtETvWLFDm0W+44QZzR0lYt2y0atVKhs09IDYoJkeMGKGMIKg36LllJVUQuvLACE7atJDeQbwDAJzJAw8+ULt2bardlA3ix4zMn37+GaMjkJpww+jauYsyAEh24BooAwYOHMjMBdug2GTd096mTRszOiPletOPYPsqKCpRzK9bt86KTxsyTdKqajUbycMs5wDxSS9qJXFFLnEEpg4UlQCwmD5jhqajRS5jUQn74IMPVBS7Adv5Q1Ds0kT2gQNPPvmkyluphi02oMilYtBlwDUQL1lZWQfMe/BolAXFJio/jLGOHTtaURohffv2pU/ZvgqKSsTQJ4ea0RkSobf7mXqE/tpN+Ar5xgUMV+QShi2BoMgFgJ+JEydSltCpYQnKJ1BsIl5+8SUzdt2B7fwhKGbJPpAQ333zrbu8Y2VGUIRAkUrFoMuAayB2rJntTw99yux+FHcUQdGIou+a6661YjUqGjZsaPsqKFrlF+Rv3LhRRWgIhKhynNktNGFCrLrtsAnKGlvqQJELAD/HHHPMlVf9l8surT2fQLGJoD5Pfn6+GcEuwHb+EBSniOfHPb9t2zYzf6USQVEBRSoVgy4DroHYYYzl5ubK5/0K+eR35SKCohdF5V133aWiNRrGjBlDW/kl1haKSU888YQVn8FQttbb/qD76zdzmobY/hGTE3bhIih7AtMFikoABPLQQw+lpaXheldZyWoEevfqbcauC7CdPwTFKYkQt/fu4/P5TCNlCIoKKFKpGHQZcA3ExbBhw2hbzEUERa8bb7rRmoIRLfSp448/XgaQCnHo0MFDO3bssKLUjtBZelVxxFnK5IIzja9oJp1hOi7Ulj22pIEiFwA2Jk+ebMskUMySnVyd7duXqSLX8djOH4LKSm3atImty+pWgmIAilQqBl0GXANxwMX6P/6gV7uXCIpYMvY0rXfv3izWle2GDx9OW9vXQlGJhvkPPfiQFZ82zFRhniYrzfkCajlC6RfYsdqtdZ6zsSUNFLkAsFGnTp0LL7hQrjiAkhW3ZIXPqe53zWKEtvOHoLIS9xn977pb5bNUICgGoEilYtBlwDUQIzRQeuiRh2XrY3MRQdGIapzLLr/c4/GoaI2eatWq1T/maNvXQlGJaq+cnJyCggIVp8WQQy6RcaRe63QRcAuBsfwmFQJlii1poMgFQDBPDn1SrjiAklV2mjZtmhW3Dsd22hBUVqIq5e/N/8yYMUNltaQnKAagSKVi0GXANRA7G9b/qWGJgfhENc69996rIjRWnnjiCdvXQlFJ1l5C3Na1m4rQYsiajTGmt/hEusGK0IXGt6w0g9bnQdlgSxoocgEQkmeeeYaqKFtugWLW/n37fG6419p22hBUhtK4mDdn7po1a1RuS26Cfj4UqVQMugy4BmKEehuH3UJQrGrUqFE8UwYs6tWrV61GdS79NPbvhyJXYWGhL0SHr6hm81bVqxypwtQsapx/IB82SZHOtHhTEPgJTBEoKgEQkjPPPLNSlcq23ALFLBonfPjhhypyHYzttCGobMUYe/DBB/Py8lSGS2KCfjsUudwIXAOxIIT46suv7M4hKHqNGjVKxWl8jBgxwryhFE+xjl1UhT3wwAMqQoMRTO+0RYU1zUNRbRSILe9RjHNhqL0gbmyJAkUuAEJCPfjx48fbcgsUs4iXXnrJjFpHYzttCCpbyU6T0Nq1acs5V3kuWQn67VDkciNwDcTC/Pnzpes8yDkERS6iavVqZnSWAccdd5x8mh4mDsQjIf755x/DCDPOZ/LmGb1SPXNFL82gw0nvttaYTj1vdQyIG3uiQBELgHAcddRRDU48gQK2PAPFKCF8jr+noNgJQ1CZS06fFKRu3ULejJlE2H44FI3cCFwDsTB3zhzaBrqFoOhkRmMZrmZEPZXxL79MAfsfgiIXIbQxz46xojQIJl0Dbb+l9lDnqrYTgovM3+hToKw4nBxQlAIgJJbv8rnnnpPhoGwDRStdY6Tvv//ejF3nYjttCEqQ9mfukwuaJDFBPxmKXG4EroEokEMnIT777DPLWWjzDEFRSNOOOrq+rpdl9qt/9NEygWx/CIpcBNO+/ubrcBMHmNBZRh2txsmiKN0owo0FF6IWKUOKpQgUjQAICVVstK1UqVKdunVteQaKQdaV0qeeesqKXsdiO20ISpCoJ/TpJ58SlhcyCQn6yVDkciPo1EeBHDoxNm7cOJtPCIpBw4YNU9FadjzwwAO2vwJFLU2bNGmSitAgBNP1pu9L145l0g5qC3f/omwQN/bkgCIWACVANdWkyZNseQaKXeaVEiePhewnDEGJEY0NSM+Ofmbv3r1OLhGxE/STocjlRuAaiI5ff/3VpSntFMx6s069ukceeXi5+7Likksu0fRkrJfLEcrdH7z3vjJCwFmV+lq1E+kwsyAwahGNt66WTgN1mwgAADiRtLQ0r9erDBAnXGzatMmakQEAoLLQtWtXn8/HTNReAFwIXANRQKXd+ZPoHA7VlxSNI4YPV3YZ4b980b59e2sPiA2rQQu7DISMZJ21/cYjNKHTwYwsLvLE9tVCS/ZFegEALuf1119XIRA3I0eOVCEAAJNrcLRrKx9YAJcZcDVwDUSENez8+aefuQ/PaYsLqjGrVKtau04dZZcRlEBWXXzrrbdae0CMyJlx4u2lb4Vu2+Q+rnur6p4Mj2BcM5tA+reiOSoTAIDDObJObYaZZWWCzrb/u02FAQDUGRKiIL/g9ttvV3sAcCfozUfBqFHwkccLjeET/Ujkiy65WIVAHCxcuFCFQtJtR6DngPF8setrZQAAgCOhvnvPnj0tXz+IE4rG5H+iOwBRsv3fbW+88YYyAHAhcA1EBPUn/vnnn/y8fGWDOKhRo4YKJYaHHnqItuj8xcmcN2erUCiYp5JIr6UMTTOYxt+6rmg5VsQ8AMChtGzVipvTn0BccBmHixYtsiwAgB/qPv355580cFA2AK4CroFIeeSRR1QIxMHLr4wvh0F7o0aNVAjECvWeV69erYwgBON668PTBChFGXUVD2w2V2TFTTcAAIdCDdAJJ5ygDBAf7733ngoBAAIYeO/AgwcPKgMAVwHXQETk5OQUYMpAnJiXlOvXr6/MRPL08GHyri9cvY4DXWNjx46V0RjK882Eh1U7hlU73pqeQUfIC3FzTtfkQjyoVQAAzmXgwIEqBOJj29Z/aYs5egAEIntNQnRof6swJ9cA4C7QiY+I22+/XS62BuJBaE888YQKJxiPx3PSSScpA8QEZXimsS1btoTs9glmyGhu+qEuPTDqAE77s//CHDoAgGOhCu3UU09VBoib/fv3h3QfA5DiULlo266tMgBwD3ANlA4V7/xDefAMxAnz6Oeee64yEs/Tw4epEIgNyvBC3HvvvRQM5R2gPUJUO1Zk1Am8cVcsvNCcHkKFBrcVAAAchzWOrVGrpmWCOFm3bh1mDQAQkoK8/P79+ysDAJcA10ApUJvXt29fZYA46NevX7ldW6BUq1y58jHHHKNsEAeZmZlhE05oaZ3+UmFN82iM+3KM3d/J2w2YR+0FAACHMX36dBUC8TF16tRya9kjhM4H3grgEDZt2jR37lxlAOAG4BooBWpj9uzarQwQE9RIE9dee225tdZWT2X06NFYbiB+BvS/R4WCoPG/4aVE9Vi3FBjm9AGx/CYhV68ulLsAAMB5pKWlMR3NQxnw779yuQFHQT0Np3krQGoivVRCmzl9xubNm8utAwxAnMA1UApPP/002pi4oEZaE3fdfbcyywuqhatWrZqRkaFsECuHDh3asWOHMuwYTHi8XTZSGut+N4wvT9u/VvoLAADAqXjT0lQIxIF/rRkAQDj69euXn4+1zIE7gGugJAyf8fOPP8HVFx/Ss3L1NVcrq1zwXzSYMGECki8edLPb99iQIZYZBL0rRKV6LONItUMi+KJLNR2uAQCAc3nwwQdVCMSF8Pl8KggACInQ2rXBkoTAHcA1EBYaUr48/mUu5wPJtdqh2EQVYp8+fSpqfF6rVi1OY9egs4IilIw9TdubKVFxGgrW7ENelML0yniByCvpeBAOW/xDkQuAyKEm6bzzzrNlISgGURM/depUFa1OwnaeEFSBInzc6Ny5s5k33UbQz4EilxuBayAsnPNPP/5EJiuXNwtBsYm4+eab5UtFIIR49tlnbacERSXpWhHaQw89pOI0FKxWI1a5rjpePsWQ8ZkNzHdAdFhxCMUgACKHmobKlSvbshAUg4i3liw1I9VZ2M4TgipQVj8qa9/+MWPGqAzqIoJ+DhS53AhcA2GZOHEibW3uHyhatWjVsmKn9J988sl0GprOAs8KilZ79+41jBKeR8g8LT5j5oIDVBXqVCFyQ+T8K5sUEA2BcQ5FJQCipfG556BpiFPUvtPWgQSeJAQ5QVRYVq1a9c0336g86haCfggUudwIXANheW/lu5Sogb4fKFoRXbt2NaOzIrmr313yfGQXxn6GUOTq06ePitCQVDveSKskSwzTOBOcacbii+AYiBZbnEORC4BokTPauMw6trwERS55z2VR6avYywA2Ak8Sgpwgq7A89eTQ3NxclU1dQdAPgSKXG4FrIDTz5s2jreUOh2ITxd6ll17qhL7CdddfRzUyBWxnCEUuTWfZ+7Os+AyHt+P6wMTW8/Zpmb8qA0SGLdqhyAVAtFxxxRVWwJaXoGilotFJj3OynSEEOUcdOnRQ2dQVBJ0/FLncCFwDdqyh7Py50jWAVQbiEf0bNGiQjEYH0LxFC8tfC8UmKgvEE48/UYKvh2XUMTxeZRBM48ubyBf5350VZLlji3YocgEQLR6Px7wCYM9LULT6/PPPVZw6BtsZQpBzJAze4dZbVU51PkHnD0UuNwLXgB0a/3z88ceG4DbHDxStTj/jDCdMGbC4rftttLWdIRStfvv11xKuCzFmeFt/63+bjtfy97LcrdJLRP9ABATGNhSVAIiBY487lra2vARFq/fff9+KT+dgO0MIco40nR3IyXnwwQdL6FA5iKDzhyKVikGXAddAEEIb//J4m9cHikHDhw9XUeoMrrrqKtsZQtGKRv+vvvqqitAgqI1jNU/V0mtQwydHama9WDivMWYMRI4twqHIBUAM/Pe//6WtLS9B0Wrr1q1WfDoH2xlCkHNkTUle+/sa6+ZlpxN0/lCkUjHoMuAasPPH+j+4YRTz+kDRSM4UYOzscxqrCHUMAwYMsJ0qFLU08cF774fzc9NuIZjnlnfk2+ZMAfoIM/K0gv3WAaBUisU2FI0AiIFbzWm9trwERatdu3ZZ8ekcbGcIQY6TEDNmzPjnn39UlnUsttOGIpeKQZcB14CdIUOG0Nbu+IEilokYPHiwFXIOVAtfdNFFuoY7S2MXwRhbtGiRGaN2PELXdM7qnKdlHHF4pCaYb87pKgxKwxbhUOQCIAa8Xrk8ii0vQdGKc27Fp3OwnSEEOU005KbtXX37FRYWqlzrTILOHIpUKgZdBlwDxcjKypIPb8eDCeKRpp3aqFFGRoaKU8dAY9qBAwfS6dlPGIpY5opd4s033lRxWhyuCyaoSmGe5qsOrzJBuwoOaNmblAlKxBbhUOQCIDZsGQmKQXKCtImKUwdgO0MoEvmvD192xeWnNDqVmnxcMU6ginJp+/btVa51JoHnDEUlFYMuA66BYtxxxx2Wm+ewyweKUpoQjz32mIpQh5GRkXHaaY1sJwxFLvkMcDOJ33nnHRWnodBrNjKKuoiyZhSasexGKwhKxhbhUOQCIDaOPvpoW16CohWxe/duR62pZjtDKBJRtK1YsWL58uWDBw8eO3ZspYwMardtx0BlrsL8gl49e1r51okEnTAUqVQMuozkdA0ImRo6/6CjMbmqb3p947O+gpc+XWfPnj2+gkL6LDfvkYailelgZrXr1qlataqKU+fxyODBpu8HE0Pi0uTJk1WEhoLqQ0+H9TI3mCZnQhzcJg78Be9AqdjiGYpcAMTGPffcYzYK9hwFRS7ijz/+MKPTKdjOEIpE8sbLIv+OrutvzpmNclEOokjeuXPn008/bcW84wg6YShSqRh0GcnpGtApNfJ2i7+X0pDEU3iA/TFDzDhGvReewYMHU51od/lAEcv0qGgvvPCCilBHUr169dpH1panGnT+UOTSuFi1apWK0yBkfVjlOOEpdlOJeOv6Il8BCIstnqHIBUAMUKN/9tlnyx5cUI6CohBj69evV3HqDOxnCEUgG+np6ZOnTLEdA5W9zE7T119//e6776qodxS2s4Uil4pBl5GkNxQwZsw+lV440wzZ9GvCl6veCsO+ffv27t6jDBAbTEuvlFG5cmVlOpUxY5+Tt0RilBoHFIETXgn/FEN5gOZp9pGyTcShnVrePmUAAIADoKpM13Uh5zihSYgdisA///xTGSCJqF+/fp/bb0cBSShqpoYQL73w4uZ/Npv7AKgwkvSGAl+uZuSZd0VLqELTzxlohcPx5JNP0lZe9QZxMGHCBBVyMDVq1JB9QWWBGDEM44cfflBGSOr8R/MWu7XEmH2aCgEAgGOglt8/jxrExsaNG1UIJBctWrY477zzUEASjhnBd/Xrl5+fb9oAVAzJ5xqQTbyx8CKhybXU/bALh6lQKPLy8rZu3kKBwI+AaKlStSqNupXhbF5+ZTzSOh6ol0A8M2q0skOhC6H/7y1lmOiFuVrBAaFx1QYCAIADqFmrlryGAGKFmoPcAznKAEnHsGHDqlWvRgHMHUg0VJQ6depEW2UDUO4km2tAFiZfnpb1Fw1LTDeBhDVsq7GSfqkDH8LvRp5++mm3VGd169bFDJH48fl827dvV0YQQtfYUZdqaUUTB0yXgLHgP9YDDtVOAACoaG68EY9QASAsjLFZb7xB7TaGrOVAfl5ev759lQFAuZNsrgGquPi7LQQTnIYe8rqw9HCya6dTfaaOCIKqvH/++lsZIHqsm9CqVq924oknusWjTOf5xBNPyOyCIWoccE3ce88AZQRjljlPk/eoltEFRbW59uPBbdrBf823AQDAEVxwwQUqBOIA48Ykxuv1Tpk6FV798kBoWzZveemll5QJQPmSbK4BrTBXbF9tBamNkjeUH38zjQRLqM7kKgOo7OKDOgSum3lx7rnn6h4PViOME5/hy8rKUkYoWJ3z5f0Dh31GjC+nIgkAAE7hmGNKf4YRKAWmHTx4UIVBMnLUUUfdd//9ygAJZuXKlV9++aUygDtxqa802VwDxmd9A5NCMM1z/Zslp84vP/3s1tRzBkxoaWlpp59+urLdQ+/evUuYTgJKRc7LEVr/u+5WdmiEt+UXAWVQiOyNIncbw4QNAIAzOOKII1QIxITVFhw4cEDZIEm59tprL7v8cmWAREJlavjTw3bt2qVs4EJc2s1NuhsKNi0ITAp2zNWap5IyQvHqq6/KIQsWVokDisAnnxqqDFdx00036XrSTZwpd3Jzc/fv36+MUIi65zJPuhWWHgHBxFvXyJsL4B0AADgFVEdxYHaiqC2wLJDEDH50cI1aNZUBEgcVKcZ69uiB+3Tci0tTLknGRRT7jDGxboq19LkuSDoVK/2GOeqIUFB5+/D9D2SDhoIXD0xz45QBi+YtmqsQiIPHH39chULBhIfd/JYsjxrj5ooDPHeL4IXmlSYAAKh4dNllADFixd2ff6w3X0GS88YbbzCPHD7AvZ9AqH9EYxOhtW3bVu0BbsOl5SNJXAPmsqlcrL5H2bLC4uzYm7S0aiUkzZIlS7hbfTrOgMlb9YcMGaJMF9K1WzfMGYmfrVu3ljiV1GBHX6V5q8pWrgjfrAYqBAAAFc1JDRuqEIgeWbMzbcPGDZYJkhvG2KxZswST7n61CySMvLy8Bx98UBnAVbh0hJk0s6mZ+PMN/zhfVliCeW6ca/oFwibNrBkz3bKivkORsy3Y+eefr0x3cuNNN6oQiBUmtGFPD1NGCGQxZNe/GVgW9YIs4cPsUwCAIzjhhBNUCMSAeXlzw59wDaQKNWvWfOKJJzDXvRyg/tWa336fN2+esoF7cOkIM3lutOarB+iH5zYxcUQjUXR7c0hWr15NiUb1Gn0Iik3E7Xfcbkani+nVq5d8Cfp1UOSi2NuwYYNhGGaMhkY/7gb/igMSphmLL1NhUIQtYqHIBUA8NGzY0JajoMglu8AOmzVgO0MoEkXFRRdddEvTJqrvhAhPsKZPn75x40YV9eWO7WSgSKXiz2UkgWtAXrgWWz/UjDzpWzOh+k1v+4MVDsfYsWPpo7I5oy0Uk3SPftNNN6kIdS1er1c+1Dro10GRy+wXiCcef0LFaSiYYOyWd8wOpJyrI8tq1p/aoV1mb8TcAFRHcQiAeDj55JNtOQqKXGYTYFXrTsF2hlAkipZ+/frVr3+0brbptq+CylwD+t/j8/lU1JcvtjOBIpWKP5eRBK4Bj8Y4f68tNUpGUSKI6g1K/mnfffcdbS2PzmHvDhSlWrdpY8Wn2xl4/322nwbFoHVr16oIDYVc/qP+pXJ1Clns6ANyJ1/RzEmdyYrHFqVQ5AIgHk488URbjoJikHOwnRgUiWJg8pTJ3vQ02/dACVLLli1VvJcnQacBRS43khSzBvZt1Hi+0JjluaRcrDf/WGjWwwpCM/a5sXbXDhStNK1jx44qQl1OpUqVTm7Y0PpRxX4jFI2EEGPGjFFxGgL5FBG96UdmWJVNse9Xlp9dQlFNNWxRCkUuAOKhevXqthwFxSDnYDsxKBLFxqxZs+RkwKBvg8pcGhc9e/ZU8V5uBJ0GFLnciOtdA0xwY+H/mZEv1w2gHZ7K9Vjlo3TNS2HzEDu//fZbfl6eza8DRSXihhuTavW+4SNGaLrZugX9WChCUQR++cWXZjEMjVzYo/7FTE8LdAX4ll4S+OSCFCcwPqGoBECc2HIUFIscsy6d/cSgCBQbVatWHTV6lPXxwG+DylzErp07x40bJ0PlRtBpQJHLjbjeNWD4cpjgyjCdAazJOxTgzKA6ytppY/So0bS1+XWgKGRG45133mm+Jgnp6emVKlXSuLD/WChiyQInxMyZM1WchkQIdt3MYtVl9t86PANF2KIUilwAxIktR0ExSNed0qu0nRgUiWLm7LPPbteuHZNTA+3fCZWhJEL78P0PvvzyS9MoF4JOA4pcbsT9NxTMPUtoAeuip9fSap5Br2Z6hHDXbNu2LfdgbqBHB4pamnbjza5ffTCYqVOn0tb+Y6HIZU4LWLJkiRWfYWCsQXPmqaQss5D65pwqA+6sQ8uWYvEJRSMA4oVyUVC+gqIS54cv1VQsthODIlE8dO/e/fgTGsgvCfpaqMw1bNiwzMxMFfWJJuivQ5HLjbjXNWDGd/4+kbfXMs3qSGP/W6axsC0TY+yhhx4KdOdAsakCbnZKPBkmtl8KxaB3331XxWkQgqocprH/TlamWWy1nO1a4QH5yZQnMBqhqARAnFTKqERVkly0KCh3QZHKWvHJAdhPDIpAcTJ+/PhqVatSIbJ9LZQI3da1W0FBgYr6hBL0p6HI5Ubc6hpg5hVGY8Ut8kJlkSn31/2PtMJQWFh4MCdXGSAGTAfMJZdd6vV61Z7kYuToUdZvBPEw8bWJ4TqIVkWpn9xaF3QEHSNvBxJM8LevR7wDACoQb1qa6RZwZ28OgIqG2v3pM2boHh2NecIxhz233Xabc1b3AMG4NG3c6hqg6BYF2WLvz8o2RxWe5h+a1VHYtOjWrZtLZ3c4BMFlr+m+gQOpAQg39nM1J5xwQkZGhltLs5P4/vvvVSgcTd8ploEyf9Pyy2t2HAAABOH1eMybotBLACBGKlWqNO7559GJSjSymhLiQFb2ww8/nJS98eTApQnj3hsKOP+wq+4f6DPGNV0cdbFZHYVOi/z8/Ly8PJfO7nAIuq6ffOopHnPKQLK6Kgfce68KgZgRYviw4SocBlb/SsEC6h/B+TutrZC5BQCAciWjUiXZ30YVBEAcnHzyyZ27dsF1uISieuCM/f7rb3Nmz8HcAWfi0lRxrWtAcLb1fbmavDKF57oZJc9hemzIY3QAaqt44JoYPVo+3yGJufjii5P1dolyw5pS8svPhyf1BEOH6NfPUQZBPfK932i+gxRCEwcAKH9k74BqH1RAAMRHx44dzzrrLGWAxGF6BGbOmLFhwwZrB3AULh1xutI1INvu927lxaJcZye1FsV3BVJQULBh4wYhDjsTQNQwVrt27VSYudSt+20qBGKCChphPSU0LExjJ97CmIdemZBrh1Ib51t0oXoPAADKl/RKGSoEAIiPZ555pkbNmjKE6e6J5957783OzlYGcAwuHXG60jXANMG3yBuV/ZHOLnjMfAn9c2iUMm7cODgF4kF6BIR45ZVXlJ3UNGnSRIVAHOTl5a1fv14ZwQg5c5f991WZsYoKJ8v6W+M++QYAAAAAXMuMmTM85vodygYJgwZE3bp0dc6jQ4GFS71i7nMNUB0jVvWWW7WD6RrznPuwGQ5dARmG8c1XX+NKZDwIIY46un5aWpqyk5227dtJFxTyTDwwbejQoSocAiqtTD+1q9DTDkezzsSii1QYAADKEa/XmwrT4gAoH6hATZqiHlQMEovQfD5f7969lQmcQehBqeNxn2uAxmvGxsO3KMsLjI06m1cdafQa2mE2YcIE86K3MkFsPP300yqUAnTo0EGOXJFn4oGx/EN5u3fvVmZoBLviBVmOTZgQxv51ohBPGAUAlDcNGzakboQyAABxU69evfsfGKQMkGB27txZyo2coHxxqafZRa4BNfIXP4yWDx4ugoL6fydawXD+/lUffoQ1h+OkTr26tWvXVkYKQHnplltuwRWkuOBUZsXdd9+tzJAIjZ16GxVPXTBdbuQ+/m4rKq7oowMAyhPUOQCULVSmrrnmmosvvliuOIAOVYKhAdFnn3762SefKhuAmHCRa0BnzKMJJn54Wg9cbvD4m8ItMWDx2muvyRe0+PExfHgpz6JLMhhjvXv3Rk8xfgoLCwsKCpQRBJMOAY9+7QzOhGCccaELjW1fLYyDJZdrAAAAADgZ6kpRP+qxJx6vWasmHAOJhmKbGD169M6dO9UuAKLHRZ1vzjQu/lrANWEwOX4wRxWM3bhAK3H89t6776oQiAmqaKpWrVqnTh1lpxL/+b/z6ecrA8QEE9odt9+hjCCExnXB9YZtpe9PY7KQmxIrmlNBVwcBAEDiMQzUOQCUMVYnatasWboOd39iESYU6NWrl8/ns3YCEC1uKqhCePhH3awwDR7kXQXH31jywG3x4sVULykDxIAZv8+/8IJV3aQO1u995JFH5K0o8A7EAXULDmRnlzBxwMJzzev+PEbRLXZ+aZZwAAAoJzZt2iRfUN8DUNZQT2DOvLlWyNwBEokQ7dq1U2EAosQ1rgF5RXH3N/4aRRceyvv6dW9oTAbU3iL8V3pnzZpV8pwCUApCUGQeWftIf5SmFB6Pp95RRyELxYN0YgvxxGOPW2FrZzDs5LZawCUFpgk+///QgwAAlCfU0lFnQxkgekqo5EGKU7ly5TFjnwvusYOyR2iF+QX9+vVTJgDR4BrXgJxj/NZVh1cTZAar/R8traoyi0ONE7XvX375pTLps1BMoj7SuBeet6IxNXn11VcpL9miBYpWf/y5Pj8/v0QHk65fHLiyLmNZf3LuS7VOhC3eoMgFQPxQ54HTJih3QRHKOZPGbScGRaJEc/rpp9/SpIntj0IJ0j///DNjxgwV9fEQ9M1QpFIx6DJc4RqQ1ZXY/bOgeA6IZr3pu9SCKyMIauDHPDtG4/IA+hQUg3SNebzeY4891orSlCWjciVbzEAx6PnnS/YxCXb2XUUTB+hws4O+7FoKpRT+6IKiFQBxUpCXT1tbvoKiknNmDdhODIpEiYYx1q9fv+OPPY7+FvUwA/80lAjNmzN33dq1KvZjJuhroUilYtBluMA1IMzpffydW3RqdXQVz6xSXZFWlSoWywzm33//lY2UzX8DRSxNZzQ2e+CBB1SEpjCvvvqqLXKgGPTN119zLp8/GhLqk9Ax+kUjzXBRD2XXd5oooOKuzBQgMMagqARAnMjHrVJGwjSxOOQcbCcGRaJEY3mOJkx8LS0jncK2vw6Vuag2u3/QoEOHDsXlswv6WihyuREXuAaYEDzzFy1/n7ynQGZueSsg6/KP6TEIm9cH9L+Htnb/DRSxqJfk0fULL7ywxEngKUHNmjXTvGkyTpCj4hAV1hdeeMGM0RDIJkxo3rP6U1g+f0TB+Pu3muVcTxH/QGCMQVEJgDgpyM+XGYkGLEG5C4pQzsF2YlAkKjfkGuFMtuuYO5BQWbVZvEsSBn0tFLnciCtuKBB8RRP/uEAGdK8VDseuXbtoi1vE45GmszvuvNOKzxSHcz70qaGWi8QWS1DkogK5evVqGYcmZtTaob2eq17zv0dHiS3vCSNfEz7zK5KfwBiDohIAcXIoP0/mJdmbtucuKEI5B9uJQZGo3KA+wMRJk+gvYmmPRIugTmzXrl1L6HqVQtB3QpHLjTjbNSDjVGi5u9ihTH92llHd7ldlhOGBQYNkAQhy3kCRi7j++uvN6Ex1GGOnn356eqUMWxRBUUn2BbiYMGECxaflZwlGLh96ahfrTfkRJouxsbI5kw8iSQkCYwyKSgDESWF+gcxLuIwZh5yD7cSgSFRuUFN/zDHHdOrUSYaDTgMqQ1GNpmtsf+a+sWPHhut6lULQd0KRy4042TUgnQA0VPAtvrBY3Hoqs2oNVDgUe/bsOZCTo+mUInBGxq7+/eXUbuBn4MCBVKvaYgmKSlSm33vvPRWhoaFSy7RLnpGlVxZhCdv+KdWv9AWmleT44wqKVgDEiSG4LVNBUSu2y5IJwH5iUAQqZzp16tSwYUPbOUBlrKKysGrVqq+//lpFfVQEfhsUpdyIk10DZn6mlvrQHnNEZsHYTQulSz88QwY/Kt/nArcwxSKKYjNw9dVXO6eNdwIXXnihdHQHxhUUvYilS5aYMRoCOoCqJP3suwVjuvl4EYJexOL/ytYpBQiMKygqARAnthwFxSLHLE5kPzEoApU/L730UprHazsNKBGivtRTQ4fm5uaqqI+coK+CIpcbcfYNBULjb5wk5M1IZtakRkfP0I+5utgzDItz4MCB3Xv2WK4a3MIUg+Q4jGk9evVUEQoC6H9PfxlLFEnFIw2KXEQJD9qlA7h5jOc/jxQr5Lu/l48bTwEC4wqKSgDEiS1HQTHIOdhODIpEFcKSt5Zq5tPHbCcDlbHkOIq1b98+6st+tu+BopEbcfSsARom8AK5oCDB5AVboV81QU44FmFPe/DgwbQNdNhAUcmiadOmtHWO+98hXHXVVTKWkMHiEWUqof3w/fcqTkPDtAsGFz2oVPoEDSaMd5ooO6mxRxcUsQCIE1uOgmKQc7CdGBSJKorXX3+devy2k4HKVv6Z1FE/sKD490BRyY041zVAmZgvu8XvcpFLmDGmN6QMXdJ4ddu2bfBvxSOiiekXACHp0q2rdFIFxRsUqQimDRs+XEVoKOSBwqv93+PSCyPzpJDbbR/LN+jDSc3hiIKiFADxQJ0HW46CYpBzsJ0YFIkqBOoU1K1bt39/c1am2UOAEiH/TOq8vLxHHnmEYj7S63/FvweKSm7Eua4BysR856e6Nb3YxHP1a0IraaHyPn36aFyQbD4bKHIRPXviboKwtGzZkra2SIOikuW63rNnjxWlwVA2FFT8z39AugS4vJ+Iyf+Mf9hVfjKp8ccSFK0AiBkaj/z666+2HAXFIOdgOzEoElUI1gD15ptvPuOMM3Rdrj8MJVQ0Svrtl18/+ugjK/5LJ+gboMjlRpzpGvAwGhh82pdCh0cCVHec2kV6DMKTuWevzVsDRSWK5IsuuZhiErcShINi5prrrrXFGxSVLNf1HXfcoeI0FHSgR3i8Fz8rmKyjONnEpkXyaYZJTWBEQVEJgJihin3Lli22HAVFq3PPO09FqAOwnRsUiSqWMWPGWN0D+YixoHODylAUz2PHjs3Ly1NRXzJBH4cilxtxomtAaD4hDG29XKuMhgPWTu2SUVRVMHn1MDTDhg2jbaCrBopWFN0PPfQQRePhaAdB9OvXzxZvUGyivriK0zCIs++kqlUZZDLB322rjCTFFkVQ5AIgHjZs2GDLUVC0Ou/cc1VsOgDbuUGRqMJZtmyZPA1M/k28KJLbtGqt4r1kgj4LRS434kTXgK4x3w80zpdRyuVjCRhtPGf3lyPW8Cf84/c/WGucgpg56eSGKgTCIHMjY6edcTqFXeoOdAhCiMGDB5fihGIedr5cWNRCF8zYupICstcQ4DIAAIA4+eevv1UIxIA50/Cc8xzkGgBuhPpX02fO0NC5Ki/atGmjQgAU4cxZA0z/8Vn/mIFxjZ15uxUOx9SpU2mLa91xobNnnnlGhUEYrDw2fPhw6SFAdosDwbSDObly3VCzN2DttKFzoZ//KL2vbFlh6cayG0yvDPoOAIAy40BOjgqBGDBbxqpVq1oWADFTu3bt++6/XxkgweTl5d3Vt1+4PhhITZzmGqDcKcSPI6nnzw6fm2CXjlHBUNBobcWy5RiqxUnjxo113YmuIgdCeS29UoZ1nQTEhlVaH32URv7hnXrydgKmn3WnTu+bd8dxzdC3fW5+FqUdAFB24NJCPJhzNmvUqGFZAMQM9Qeuvfbaxueeg4mZ5YCusX/++efV8a/AOwD8OGsoaN5dpPl+GMa4EP5lBepfxljYBxNQJfLee+/RllC7QEwMHnx45jYolZkzZ6IejZ/s7Oz9+/crIwTUWAl22XPyQSVF3QR6NVZ1c55bEwDgVnJycuSFCRArsgPG4BoAZYA1Rh05ciQGq+WANXRatmzZ0qVLrT0AOKt7zYQm1k5ngssFyeVlQl0Xmt78fcq96ohQvPbaayoEYkCn6pedfOop6enpag8oDapMPR5P5SpVZNyh9YqPe++9V4WCoPqAtkwI/dxB/klBnCqtokcVIPIBAPGzdetWzEOKEznX0xlQA42GIQmQg1U08eXFxIkT33vvPfRpAeG4K2/iCzVOoLwpe/+1GppzCcLy+eefO6dBciPUiHJNDB06VNkgAqyq87nnxqAzGSdUtg9kZSsjLB7tgif9swbMgOCfyYebWg5vAACIhy+//FKFQExQm+ic2thsoNEtdD0ej+eNN99QBkg0Qrz4/AsrV65Etwo4yzXA//1YcJ8yCKbpbX40X+21vN+tRVkZLUA80NisVq1alStXVjaImHpHHVWtejVUo3FCZbnfnXKcHx7h0XT2n0foWI+sCijGhbF+Om3U+wAAEAfvvPMO1UTKADHAxRG1j1RhB2DNOANup2bNmsNHjlAGSChmiXnphRfHjClpcTeQCjjLNSDebU4tjDLIrHmKxrzKKI41Hvvmm2845xibxQnuyIgZaxU9ECe7du2igqyMEAjBmH7+YCY0I6DDxz/pxTBvFAAQN7m5uaprDGLlrLPOQmcMlDnnnnvu/5rcogyQaBj7eNWqnj17UpfMfwkWxIxLK0RHuAaEeRlQHNypcXUZ0MqQetN3KW+aO0Lz/NhxaIriJC0j3esN7X8BpdKoUaO09DRlgJigIkyMGDGixLIsn1TAzr6z2ASiP+dx/2KlAAAQKzpVLOhKxMfpp5+OsQQoc6hjcNddd9WrV0+GUUoTjRyNabt27GzRvMWvv/6qdoJYcWmFqG4PO3TokGVXCGavnxdOrq7LBxPIwq8LXatxAuvwm0foPExd8Oeffz784EPKALFSo1bN9PT0EkdlICzUE8rOzi7Iy1c2iBUq+AsWLCj58ZlMaL6p1eTiGCY61RQnt/Jcmzz3Iq5du/aB+wcpA0TJshXLVQiAaOCcN2/WDIOOOBn7/LhGjRopo6Jp0qRJSYtUgfA4syKlPmqLFi24D3cRlgs0oqWBGWNH1qk9adKkPbv33N6nj3oLRMPZjRuPGj1KGdFQsXd5O8I1QIj8/WLGceoaINMY1z2d1mlVjzPfDE3HDh0LCgs0juofgGTg5ptv7nPH7coIha4J4+M7jA2zLJMx6i4wb+9D9Mo1gzns9qgYgGsgHuAaALGxaNGiqZOnKAPEytvLl9HWIRMH4BqIGcdWpAcPHmzftp0yQHlBJfrYY4/9999/KYyLiNHSuHHjkS50DTikMy2MRRdwXV0MZFwTGdVK9gvk5OQUFBQgmwKQJDC2cuXKkm9v40xnV09UBiErDMG/GGCgDwgAiJVp06apEIgVqrctlA1AWVOlSpWXxr+sDFAuyHu9hdj671YroPaCiHFplFWwa0Dd3ndwJ8vd7n84GTUunpalPEnojtvvkFcMkVEBSA7MVmfOnDklNT/mW/rZ/a2Cb1UYYs1rOudJMGUAAFD+UIVjGJilHC9erLkDEs9JJ53Uu09vZYDEo1Z3oh5X+H4ZKAGX+koruD8t17vQhPFOU9oWWwWoxkkl5MQ8oqLvgAAAlDkLFixQofDoF42Q7VXA5Sn+9cNouAAAMYBr3WVC/fr1VQiARNKyVauzz2msDACcjUs7phXtGmC6yD+g7VujbNPFordczaSnIHRrTa34wIEDlQEASC4WL1ykQuHQvdpZd7HDkwuY+G28pnkxiQgAEC2///47ViyKn/POO0+FAEgwI0eOrFatGjx6wPm4NI9W9A0FQhPvNqdm2RJFItN0VvsC853Q5Ofn79y5U84xgCAouUS8OXu2WdDDIzT90tF+z4BZaTD+xV3y8+73DgTGBhSVAIiBKVPkAoS2vARFLuqy0bZp06ZWfDqHwJOEIpQrYIzNmDWTzpYCgScPQQ6UG6nwG3SZ2PWNClpcPUWU+KzyYU8P06lCEHIUAEFQUon6c5x/8MEHqrSHQug0/te1UzvITqm5aCnXOF8zWReC3lMHuRZ7hEARC4AY2PjnBnOEYc9OUITSuJywdeyxx6oIdQyBJwlFKLeQnp5urR5qO38IcprcSAX3pPmSy6loK4M6/RrTT2mvjFAUFhb+9vtvNBiweWUgCEoCEVS6J02cZBb30Oiy9DPP1ZPlR+RkI4VvdX/pJXAzp512mj8qoGgFQAwYhiEX3w7KTlCEIqyt0wg8SShCuYg6deoMevAB2/lDkNPkRirGNVDUoWfa7h+lP6DIPeC58KlAT0Ew454ba/PHQBCUNJK1gdB8hYW//fabKvNB0CHmq84atg10yIr1r2suv/lQ1/XA2ICiEgDR8uUX8llItowERSUZgY6seG3nCUUid3HVVVddeskltp8AQY6SG6kY14D1pDHxiXwGiZzJJ+NOl63LuffLt8PzzTff2PwxEAQlmYihQ4eaJT4cssrwXj1D3mhYBBOCf1fyp1xAYDxAUQmAyLFGs4uXLJb+RNyxHIcIGqHJF4dhO08oErmOIY89dmSd2rZfAUFOkcqnLqOibiiQ8375n28Ka51xWR9x/fTbzXopbEyOHz9eCHlXGwRBSSzCMIxdu3aZ5T4shs60Rh2tzgz17mkrfhrt9nsKbFEBRS4AIof6ErRd89vvFJL3EwRlJyhCaYzdddddVqw6Ctt5QpHIjUybNs3DMOEOcqRUJnUZFeUa0I0fR8nW2fQEWE57dvnz5lthY/LDDz6Edx+Ckl5WHXDnnXea5T4sdKznyglUg5iHq8qE//ycW/20JraogCIXAFGRlZVly0JQDKJKq3LlylaUOgrbeUKRyI3ouj7zjVly+g8SHXKarDzqNirINSC4/t3TKkwW/T+tS8mPJZ8xfTqVe0FRHeiPgSAo6UTl3Arsy8xU5T8UTAime9ipnaVRVHnw754wv8KtWD8cikEARMWyZctsWQiKQYK2WGsgWeRSatasOeSxIRSw/RwIqmBZGdRtVIxrQGyYw02HShFCv+JlVuKDx9566y3r+MPOGAiCkloPPvigWfrDISte/apXKaQXVSY67fxadhFcii0GoMgFQOTQaHb2m2/ashAUgxqc0EDFqcOwnScUidzLJZdccuPNN8mQjsnFkGNkZk7XUQGuAYor/nEvCugUbdaeE5pqenoJcfjOO+8I89m5EASljjIzM/fu3atqgTAw5tUaNCmqSwghfn1BBV2ILQagyAVA5JhrDchFkKE41b17dxWnDsN2nlAkci+MsXvuuade/aNsvwiCKlIqe7oMZi3Gc+jQIctONPKP/b3U+KCjZcqZAozr3fcwb2Uq2eGcA+3ateM+I6D3DwBIfpjGjj/+uOdfKHmoL7v4xuSqRY9ENevi/zziOf8xqlCEI2e6lkCTJk1UCETJ8uXLVQiA0njttdfeXqqmIoJ4mD9/fpUqVZThGFCRxgYNZpatcHFFyjlv3ry5ufQQlW1zeANAhRJbz6RiF3Ap71kDVFiNj25TBplMsCPPZV5qVxgLs7L4r7/+ahgGBYp5YiAISnZRfbFly9acnByrKgiD2bs/9lozbMHEjyNpI/y3GbgHWwxAkQuAyFmxYgVtbVkIikEO9AtY2M4TikRuR9f1hQsXavRbyCj+0yCoQuRGyts1ILZ/pvFCZZiwFh9bgXD++ycff8J9HXwAQPxwucjVU0OHKjM8npuXUl2iq/6ArEv4Ly/ikgEAIJisrCzD51MGiBnGTm10qgoD4AwyMjJGjh6lDABA9JS3a4C/1y7wtgGRXot50pURih07dsgXdPEBSFU2btyoQiXAdHZi4IoDGv9mMCoOAEAwzz77LOqGMkCIpk2aqjAAjqFx48bNW7ZQBgAgSsrPNSAv/2X+ygoPUJg68EwuLcD0zhtMKyz33jNAhQAAqYnQHnroIRUOj+famSpkugSoWhG/vyaXKgYAgCKEED/98KMyQMyYNeu1119nGgA4iz59+shnZ8hxBvoAAERHubkGdCqg4u0bOHXamUT23tOPYJ5KtF8dEsT27dsLfMXuPgAApCB//vmnCpWAnq43UJewrDpFfHmffK4JAAAU8cEHH6gQiAOqWL1er9mXA8BZWMurv/Lqq0xHBgUgasrLNcA48x3UzCkDVGiZWW49zamFpp572L77E489rkIAgBRG19jYMc8pIyxMu24m9QOUX4BqGk3jP45w6zowAIAE8PKLL2EuUfxQtdrwlJOVAYCT8HusFi5cKEcc8A8AEA3l5RoQmm/2Kf4eOqeim15L1DpN2aHYs2fP3sy9VKCpFYcgKGVF7TyN8z//4nPOwzzFxISO0fV0dtQVcoKS2qeJH0aaX+EaAn84FJUAKJV///3X4AYNFWyZB4pWxGOPPWZGqkOxnTAUiZKM9PT0cS88L/sDQb8UgspHbqQcXANClknfQS0/S4YVjN04XxbW8Ax98kl5eMATICAISkHJy/9mVTB3zhxromBILI+A3uw9OuRwvSYM8fM4FXYDgT8cikoAlMpdffvJexi5vNMIikfU5T3iiCNUtDoS2wlDkSj5OPXUU7t07YKhBFRRciPl4BrQNc740svN3n0RnnRW/7JwqwxQ7z8/P//fbdsC/S4QBKW4FixYoOqI8Mi6+KiL/bMLyOLfDpGvLsH2k6HIBUDJ7N2712cY5oJH9swDRavKlSuraHUqthOGIlFS0qFDh9POON32SyGofORGEu4aoC65MHLFvj+ssG6uFspuoC4+/enQ04MZY4MffiTQ6QJBEEQ1yKpVq1Q1EQZ5W2HTFcysZ8zazayZ/5hV4hQlB2H7yVDkAqBk+vbtq8mljmRNEphzoBj01FNPqWh1KrYThiJRsvLcc89VqVTZ9mMhqBzkRhLuGqAOufigszJkiyzjiR1/ndk6h0YI8ffff8tAkPcFgqCUFY33x48fb9US4eFMr8SOuUb2DKleZoxrgn/Wl3Gq61zgHrD9ZChyAVACGzZsOJiba8szUAyS9SjTTj+tpLWinIDttKFIlMTMnjuHeeSQx/aTISihciMJdw0I45DY+r4yTNi1M6TPXsZY6Dh7vOjBBDbXCwRBqSy56AAXX375pVU/hIQOpK0ulzIROmPW2gT0MWPTHPnqeGw/GYpcAJTAww8+JGsHKG5RNFaqXFn3eFTMOhXbaUORKInxer2vvPIKBehnyvnLQb8dghIhN5J418CnfVnxHrl+UpuS3Shr1vwupwMHOF0gCIIsjRtX0rKCqm7xVmZH/9coqpXly6qernAN2H4sFLkACMfnn3+el5+HTkWZiLjzzjvNeHU0ttOGIlFyc/zxx9/Zr6+sB+SdRfbfDkGJkBtJuGuAb5zLiyKHtuyiYZpeUlRNeHWC7MALeedBoN8FgiCIZBT6fvzxR1VfhMfzv+V0sAVVc0LjfM1kaTj7EceBvxSKSgAEY80bGjFihNmvsOcZKAYR11xzjXxxNrbThiJR0tO0adP//Od8VAVQucmNqAm3hw4dsuwyReef3sHXT6dQUWec6b1zS+iYc87btW2bArUTACBGqKrNqFzpzTffVHZ4+MIL+L41FJBOSfoc83h6ZZnvONc70KRJExUCUbJ8+XIVAiCAhx566Pdff3Pp1RsHUqtWrTfeeEMZTgUVaWxQ87psRfJXpF27ds3MzFQGAIkktp5JxT4CJnGzBpgmuDD9AgSN9kn6ad3NPnrYsf/bb79NW7+vBYIgyCYiPy9/08ZNMhQWOo55Wn9HIbPO0TjVO8LH/5hmLlDuXAJ/KRSVAAgmc2/m77/+RgFbboFiVqdOnay4dTi204YiUSoghJg2bVqax2v77RCUCLmRhM0aEBr/9jH+yzjqk6s9GvP2Pmh22cPSpnVrdPAAACXAzMUF09LS5s6dq3aFQB7ENN236AKx73frwShyr6Z5eh2UL04FF7tiBrMGgA2qKNq0aZOfn08lHl2L+LHqXlcUNFSksUEjmVSYNUDZOCsrq0uXLvR7OeoGkEgwayAAaoqlX6CoyAmmH3WpCofh888/twJ+XwsEQZBNGhe6xnwFhTk5OdRVtSoNO9TyM40zrjf/0O8XsOCbl6mQI7H9WChyAWBj/MvjC/LyqbqgOsCWW6AYRHVv9WrVVeQ6HtvJQ5EoRaCeQ61atQYPHix7CkGRAEFlKDeSgFkDVNKoU75+Jv9ELQRK++TFut70J0qKpNatW6sQAACURprXO3fePGWEhfFl1/Mdfrcj03RN73WwhNuaKhZc7IoZzBoAgfz777939LkdSwyUIdTNnTRl8tFHH61sB4OKNDYoiVNh1oCfZ5555pNPPsGsIpA4MGtAwhjjmmZ8eqesY/yt8lGXSjM8P3z/PZNzgM0PQRAElSbDZ+Tn56saJAxMMP2mxcogZBdAiL+XmiEnYvuNUOQCIJA7br+DeiO2TALFI+qjucIvYGE7eSgSpRoPPvjgUXXraUHxAEFlJTdS9q4Bigex82uzWjZn9VLXnHTzkpK9cmOeHUNHKwMAAEqDqpeBAwcqIwyCaSKtml77PDlbQFZKspYRH3bBNQIAkphu3brJCgKdijKEaRdedKEKA5AsTJ46JS0jXRkAgMSsNSDE29cGOgJE3fO0tBpMLhGu9thYs2aNXCjI2c8bBwA4Cur379y+o+SboeSCAxrTW33BBA/w3xriz+nyTQBA0jFl8uR9e/FksrJGaPfdd58KA5AseDyeWbNmYQACgJ8E3FBwYIsIKGSCCf3mpYy68bQrqOhZBw57ehht4eAHAESOVXuMHj3aMkNi1im0YbxqfXmnkwlVNfyzu9nhh6cAAJIBqhN+//33xYuXoDtR5lSuUqV6ddesQQhAhFBdUbVq1eEjR2BdEgAsyt414Ft4vukHUIVMr9ZAr1TXCgdDZXLbtm35eXnKBgCAaPjtl199Pp8ywuPtuNHf8OtCF8LH/1qibABAUpCTk/Pggw/KHgiuAZYdVmQOGDDAMgFIPs4555wbbrhBGQCkNmXpGqD2QxzYInwHKWw9KVQXGmv9te3hYTbuvfdeFQIAgCgRQjz33HPKCINgXOhMr3EyhWWlZHou+Ydd5AMLcFsBAC7HGrtyzm+99VbrtiHMGihD5KUexq648gplA5CM0GCkwQknyP4BAKlNWboGqDEWy661wmaPm3GPl6XXFOEn7hpEYelX/AAAIBzffP21CoXHIxhr+ZmuSW8Al7cWyCUJ+c4v4BkAwO1Q14Nz3qZVa42bnj9Q1lx19dUqBEDy8sqrr1TKyMCcI5DilKlrIHeryNmmwrLrLTydpWmuDV4Mv0e/R48eVgAAAGKBGnGhjXturDJDwQTjmmDptXjtcyhM1Y81lYkvu44qI+sYAIBLoR5Fp06dCgsLLcPcB8oOLgY9MEiFAUhq3pwz25r1DEDKUpauAb7sZhWSmFMGMqoqqziWT84wjJycHFy1AwDEjtmIr1692jRKwdvkPXH4OQUaEzrf9qEyAADupHPnzgcOHFAGKGuqVKvqv5wDQHKTnp7++uuvY+IASGXKyjUgNN9BduAvOUvXhGnC0/R9wUr6/kcffVQejhYHABA306dPV6ESyKjOqskVByyELrSVbc06SAS6DCoQ9EgAiBBrvNq6devs/VnOKL7Jybx581AvgdShXr16vfr0xmVLkLKUgWvALD6ewjlnyt510RcK3cuOuljO3A0FteiGYfz555/KBgCA+Fi6dKkKlYBgeoefVVgidKOQ//OOqsacAXrhAEQCdSRubdc+Pz9f2SABpKeno0YCqUarVq1OP+MMZQCQYpSBa4BrTNcMb94uLh8UzoX5pd4rXinhwQTU0rww7nlMUQMAlBVMaO+9915ptQq9y4Qng2k61UJ0rI9x8X47WWkJjzqkQqHzR8UIQKkYhtG8abPc3FzMF0ggjD3/4guokUCqwTkfM2ZMekY69RT8jz0GIEUoi1kDQitYfDnXVMeaCpFgTGvUWedhv5xK3eeff64MAACIH6ZNmDDBusAVri9rPp6Apd32r3xsir/Bp6N3fMo0Q5kAAGdDXYiWLVtSABe0E0paelqDBg2UAUDKYFUsCxYulGF4xkCKEadrQJYYxri+9yetqGNN5Um/cKS8czd8eZoyaTIVPJQ3AECZIWQTvmbNGgqGGzDQAbrQhF5Jr36CVX2Ze3W+7CbTkNWSuQsA4FB2797dvGkzYciHIuOCdiKQ9aBZEz755JPWHgBSEF3X58yZY4XRNwCpQ5yuAepmc9+nfeU8AX83m/6de3fJhWjlypVozwEAZc6jjz6qQiXAPHqLTw67BgSNMQTb/4fQDIw0AHAyixcv7t69uwyho54whHljU3pG+rnnnqt2AZCSVK1adeD992ny9kP0DUCqEO+sAaYxsX4GZ4Kb7bQumPi/R3XhYf5udxDTpk2TLyhmAICyhjG2fdt2ZYRBF1yrVE+reRpVWlQDUi1GlZFvwfnSrQkAcCp397tLTjm0+g7oQSQMK2qfHTPGfAUgdaEexXXXXXfhRRdi1gBIHZQn7NChQ5YdHUzwn1/g3wy2LF1O19X0Xgc1nZuNd+iC1Lp1axUCAICyJj093T8JMAycKiq9INs3oz5VVFY/mNCbfaDXv6xihxxNmjRRIRAly5cvVyGQdBQUFLRr09bg8r7FCi2gKYSrCxT1M/HoihigrvuyFahIQ9C+ffvc3FxlABAxVJHSQDta11LlypVVqCKIb9aAYPw75Rcg5J1/Z93O5CIDFAWhY2HlypW0pdoHgiAoESrML9j+7zarwgmDrPd4eg2eUVuww3WgWN60wicz2X4LFLlAMuGfvks9qq+//rp1y1aGYUivQFC6Q4lQad5Vp3PsscfafhEUiUA45s6da0WRLu8uKBZpEFSCCNdNOYlr1oD4cw7/tJe/Cdfptc/BkM4GihfrsDZt2tDW/xEAAChzqlSpMmvWLGWUgOB8SjXp0zShakq/cRE7/iZlVwSYNRAzmDWQlODyb/lDNeHbb79tBaw9rqN///6bNm1SBogYGslg1kAw1hAmLy+PhjC6xjimLoGIia1n4sZZA3LVLiosxic99cBB/vE3hPs6yxfwyy+/aFyQAh0qEARBZatDuQd37dplVT4loevCc7j+ZVwY77XX5YOMtYpadyDwV0BRCSQZv/32W/OmzQry8m0JDSVaU6ZMobGQe/0CFrYfBUUiEBJrCJORkTF06FAK6xrD3AEoQrmRWGYNmHcMCLFhrvi4B33a/3Rwb68DGvOaXoPQtGnTxvpzAACQOKhOqnXEEdTBVXYY5O1fB3f63jhR2aavlLX8Qqt7ni6rqgroGWPWQMxg1kAycfvtt2/btg0dhnKGasQGDRq88sorFPOudg1g1kBs0EgGswZKZsyYMatWrVIGAKWROrMG5Oiff3qH7DrLRxTIDat+omAea8GBkOzZvYe2fj8KBEFQgkQ11P7MfQUFBVblEw4muFa5HqtyrF7kBaD6iy+90vyGiukWB/4KKCqB5GDO7DnNmjTdtvVfTDAsf2lCvPTSS5QKbp8yQNh+GhSJQKkMGjSoRvUatniDoHByIzG5BhjXtr6v8UL58FtpSnna/262JKGbE2pm7rjzDgrI54RBEAQlWES/fv3kS0nI4/TmH1I9dvgOAmGInH8qqj63/QoocgFXQ52EzZs3t27VatYbs2wpC5Wb/u+CCzwej0oSl2P7aVAkApEwZ+4cW7xBUDi5kWhvKDC70JpmTK3JuM9aikNOGUivpXfbar0VkpwDObd160Zx5FIPCgDAdVCFs3jx4gjmJDPf3EbagS3Koo9507099imzfGl6C24oiBHMg3UpjLEDBw707ds3MzNT9iHQSag4kqYQ9e/f/6+NuKEgFlCRlgp1KmjQ1L5tO2UDEJ7YCpTLbijQ6V/WH4wb4nADLli7n0rwCxAD7h1g+U5oC0EQVA4iBg0aJF9KQXhb/3h4/iwTui9f7PlWyDqtvIcptp8ARS7gOqiHzTnv27dvxw4dMjMz5R4UgYqQjHmmDR85glKEkLb7CfyBUIQCkcAYq1Klyuhnn6EYo3BgBEKQTW4kOtcA9ZmpKfctulho/PAnK9XVK9VX4SCo2GRlZe3P3MfwOFAIgspXEa1ERXV3WhVdU9No5UNYNZ0vu4VqdXmvc/kSePJQVAKuY8CAAc2bNtv8zz/cLGpQRYmoWrXqueeeSx02wkwc12P7jVAkApFglZGzzjqrefPmAnUXVKLcSJQ3FAjBjTw+rXaRyTxURNp8x448g2tcus5CQc3/1i1bUOcAAMoZprH/XvVfqoKUHQrZsFMNXpjLp9UT0ntp1VVMb/GJqHO+h8W4Vmts4AkFMYMnFLiI++67b/369UlzgToJmDdvXtWqVZXhfvCEgtig9g83FERF586d9+/frwwAgkiBJxQwxt44WYXND/OMWlqt04X0C6idNg4ePLh1yxbZ84YgCCpf0b9PP/mE87BPTiGYkKN/5q2qpVdXuyRCrPhfOfsFCNv5Q5ELOJ/MzMy+ffs2bdJ0/bo/8AAC5+jmm2+uVq2aSqRkwfYboUgEouWNN96geMOcaCic3EiUswYKD/Bp9f1uAMaY3vJLVvscywzJI488Qp0Al95uAQBwNeZzB0TLVq26du2qdoVHHPibzz3TX5NTY6+3/12rcaKyywXMGogZzBpwGnKqbdHs9I8++mjyxEnZ2dlmFxpDEKcga0imLVu2TNnJAmYNxAYVTswaiJa8vLy2bdqgUgMhceOsgehcA8aiC7W9v/vH+R5q9/vkKiMU9OXt2rTFpEEAQIVAIxOqf6jKWrRokRVWb4SBv3kqP/ivFaYus2C6t9cByywf8ISCmEGP1oHk5+e//PLLH6/6WJQ4cwdUILPnzqlePXDCVDKAJxTEDCrSGNi0adM9d/dXBgABJO0TCqhjrVM/uTCHZR72C0haf6kCYXj44YfhFwAAVBRW/cOEdA1EUBcJ1mS5vMwpdOlHkLcjGCJ3q3oTABAZVNa++uqrLp27tGnVetWHH8Ev4DT8szmuuubq5PMLAFDONGzY8Lbu3Wl85C9ZALiXyO6kNfvUxnttOGPm8t0KVvs8ek8ZodiwYYMKAQBABUGt9RszZ5XaZtPbnhqn65Xq6uZUA2unWHABmnoAImT79u197+zbvHnzYU89nYXVuZyKVb95PJ5Bgwb56zoAQMy0a9/upJNOQmkCSUBErgGdaYLna9tXU3vC5QwCsw99/RxN42YwNC+99BIKCQDAIbz77rsqFAahMc641vo7Lj2eqmYThdl8768l+0ABSEEC2/edO3fec889LVu07NOr95bNm4UhpwmgA+BwJk2ZzEyUDQCIAxr1pKWnKQMA1xLhrAEm3muvwqY/gNBPaG6+huWTVR8XrVcIAAAVCXV/p0yZoowSYZXrMiHdoZZJL2LFLSX4QAFITahMfbxq1b0DBjRv1qxXz14bN270FRbKvRhqOh+dNWnWtF69esoEAMQNVX1z5s61AtYeANxIKa4B2S3W5JMJ+db3/ON8yvL6BU+LErP+4kWLaYviAQCocISJr6Dw22+/VbvCQ5WWp9OGotpOVnc8f5/Yt5ZLF6namVBQbQInk5mZOXny5F49ejZr0nTMs2M2/LmBG1Q4ikqHWdbMEHAulEb9+vVTBgCgjMjIyJg4eZLsLaAdB66lFNcAk0sQanxVL0HBonwuF9r4z32m0yAss2bNMjsI6CIAAJzCmDFjVCg88qap6kdp6TWVLX0Fgr99HdWVxRZhTRBy+UMAnMWBAweWLl064J57mjZt2q1r1yWLl+zctRMuAPfy1tK3ONaGBCABHHPMMWoJDzgHgDsp9YYCXT7Ba8Nc2WHWhC57yUyc0auEIT9j7JtvvtGsTgN6DgAAx+Ar9G3ZvFkZ4aCxOWeeZh9SdUcSsi4TWkG2lrcvggozbuRfQ70JKp6tW7fOmzfvrrvuanpLk463dpj02sSNGzZq3HT4m2UCuBKmPfHkkx6vB1c1AUgQ11xzzSWXXXr4gioArqK0GwoYN74b6h/ic5IQ+uUvyBwf5gqaEGL0qNHlcXkNAACi5P5Bg1SoRNgRZ4pKR/gHQELjfFYDswoEIDnZv3//559//sQTT7Rp06Zp06Z33n7HzOkz/vnrb9nawxOQLPzfBRdceNGFygAAJIYhQ4YcUftIOAeAGynthgKhi5+fUYZ0NzPW4BY5cUAaofsKa9as0fy3HYJyJORFANqJiwPOB2lUTghhFPoOHjyozBLRm7wXWI1x+ndoFwVwKQAkAT6fLzs7e+HChQ899NCt7do3b9qsS6fOI4eP+P7b7/IP5cnZAaajXx4aeD8hcDOVKlV68sknlQEASCTTpk3TdZ3qTlwrBe5CPr+bXg4dOmTZNvifs/gntyvDJK1nltBLejhH+/btqfNNYx055xAkDjmYpBi2qhzVgbPjr4+QFI5BppmVdIEE7wGJwKyXqlSrOnPmTLWnRIzp9URhDgWs9NGrHKN32pDQ1Gp6SxMVAlGybMVyFQKh2Lhx4xdffLF+/fqtW7ceyMqmRt9yHGPJgFRBZ4sXL05LS4mHq/Xv3/+vjZuUAaIBFWmZYFWt+/bt69KlC66VpjKxFajKlSurUEVQimvAmFJNE+blAxP9uJv0mxeZPePQUOfjwUEPKAOUEar3JtcnE8cfd/xll192/PHH1z/qqCpVqtDOSpUq0TEFBQVymegQIxaWlxc6cQmfz8g9mKuMUJgpzbKzs00rarKys1SoQqHOUJXKVZQRLeb1smrVqyuzNCpXqpSenq6MMHjT0rwejzIULD8/Py8/b8+ePbt37/7ZRM6+MVMA3fcyhrHXp71es2bNEmJVFjbGtAN/8zlnCop+ayelXfdM4c0wgwkBroGYSaYebYRFno6hIwMDxN69e9cRa9ft2LHj361bMzMzc3KkewukJv689MJLLzZs2NCfT5IbuAZiBq6BsuXHH3987NEhygCpRzK5BmhMogvu41Nr0AH+yTDebjtYei0R/obbHj16ZO93xGgwmaD4v+KKK9q2bdugQQO1CyQ71IHLzs7+4IMP5sye7fP55Fg0gqECiJDjjj/+hRdfUEZ4BNWQkyvLbZHTzXPOQO2i4YnrXMM1EDMp0qPlnG832bNnz06TXbt27d27N3NvpiErisOYnkXUGykPZQFN69KlS8eOHdWeFACugZiBa6DMGT9+/DsrVsgQKuPUI5lcAxJjyRVizw/mJQnaCFHtOG/H9bKdCZO7qbNy1113YeZMmWHG9NnnNB48eHBGRobaCVKP5cuWTZ36Orr4Zcu0GdOrlzIZxCyBv7/m+2qg3zfAWJrea3/ibr2GayBmomqA/ZdSyw3pYy9+wfbAgQPWtqCgIC8vjwK5ubl5hw5l7c/K3Je5b98+MrOysrKzsrMPHPAVFlqfKgX/X0BtAUwo45151lnPjnlW2akBXAMxA9dAIujXt+/mf0p7OhJIOqjRf3v5MmVEg0NdA9TB8E2uavWHrc4Gu/p1/ZRbzWBo+vTpk7l3LzokZQWNRu6+p/8111wjw5hSntrk5+d369aNhgfIBGXFGaefMXzEcGWUQOEhY3od/6wBqgw9vXLkYw0TQ5MmcA3ESEivdAk1Z7lVqn6PgP/PlfSn6S15L4s8gAVMVwEgNqpUqTJ//nxlpAz9+/fftAmugaihGgeugQTRqlWrgoICZYAUgBr+k0855YUXSp+gGkzFugbCd3DNSbQKGWAl+wXy8vIy9+y1+jVQmWjo009ZfgGifLqwwLFkZGTMnDHT6/XaMgkUs9atXWveqVEKPE2u5eFHjtZy/lZGArCdJBS5inzYxVRCzRniLetTZULA99AfslA7/WcV8s8J8/k+3NyaYQiKWR6mz5s3T2WtVIIqaltUQJEIJI45c+bYYhtKZlGSC619u3ZW6ruLsK4BfmCT/FlFMPlUgpKqjXvuuUfIW9rklQ4oft3Wo/vZZ5+tepAAaFp6RvprEydqOrNlFShmDR06VEVueDz0r3I9ZUiEtn+jCiYCpG/MorSxtoEKPKBUxfCRcAr5PdZO/1tl+OcgKEhUmbwx+03/pJVUwxYbUCQCiSMjI+PFl1+iUklhW7RDSShKZqZddvnlZuK7jHCuASbWz6DfpgwKpNeSvzI8e/fstbtMoFh15JFHNm/enGI1ZRt1EJJatWp16tSJcggRmGGg2LTm9zVmvJaE0Dg7+iplmGM5vu0jZSQCOjEkLgRBceull14qbTmVpOXMs860xQYUiUBCadiwobUaqC3aoaQUlSeXDuLC31Cw/XP6aSpM/dWjLqTfqIyQCMwXiFfmDDgZmDhxoopVAIrTpk0byiGUWfzZBopZVGtt3Fj6FABWuU5AVaixgn0qnACse8tt5wlBEBShrApk8JBHTzrpJGmkJDfddFNgnEARCiSazp07n9roVPMKAGYIJrOIo48+2qVTv8O5BoRWmMWKfhKnPHz0lXJnGFavXk3bQGcJFIPMBl275X+36Hp4lw1IeUaPHk1bW+aBYhARgxtOiAQWz4svvpi2tvOEIAiKUMTtt99+2WWXyVCqctJJJ9miBYpEoBwY9/zz6enp0jkQFP9Q0oh4/PHHk27WgFwlWQVLhn75zz//rAwQD+asgV69eykTgFCceuqpusejDBAPjO3YsUOFwyMKc/1dJlnRJ9JzN3DgQHTPAACxYPbZWrZu1aJFC9NOadp3MFfOdmXPHCQ5ixYvxtNnkpvKVSo3aNBAGW6jpD5usRpVcBUIQgih6zruio8fislmzZohJkGpPPTQQyoE4kGIwtIeF0+tt9j1jTLkFCqhyylUiaJ69epVq1RRBgAARI7Qrrrqqt69eysztenWrVt6ejrGX8CZTJw0SYVAMjJy1CgVciHq6cqHDh2y7CKEsewmbccXQt5MoHnIPu56/ea3rPeC+fzzz8c+N5b62coGscHYgoUL4BooGabp8kEYf7zOP7+XTOfnOV2eMp0zE9UbeOpfpR19hXbUJazKUUzzmg8os9xzUf+ODu1vLTR8cokPFLs4yKhc6c0331RGaLgxuRq9WNEsE7LdT6xWI9NKCBs3bhzQ/x6qDeTfROICAEpGdRnYBRde8OSTT1oGILKzszt17KQqb9SlkbFsxXIVAglm8eLFkydPRhcu2WDaSQ0bvvTSS8qMicqVK6tQRRBu1oCuH3udvyrlFNpT0i0Dl19+OfwC8XPFlVfE4hcQhlTKIOSPFcYvzwtRoHEXSPB8rfCQ5juk71sn1k7kH3Xls081ptT0zT6Ffz+CFebENri/+57+9Dk0KnHBtCqlXaIXwie3Rb1vCrAaiV3c6+STT5ar13COviwAoHSoohDaBf/3f/AL2KhRo8aTQ580q29ccQGOo1WrVuedd54yQNLAWJx+gQonnGtA6Kd1K3bFqiDTbH9Cc3gNRlS/MaOzgQMHqnBkGJ/2NaZUNabUMKZU981upO363tyd7OMJuayrXAHU/OcC6CS5ebrcnI5OpikhDm7jPw73Ta8rZp0k1k4yC498zIc8NgKuuOIKhht54kRoPXv2VOEwsB3fma8BiaKnqUDCmDDxNabLXA4AAKXAtIsuufjJp4YqEwRwwQUX9Lnj9ojaVADKneHDh1eqVAlDpyRADkvMdFy4cKG5w8WEXWuAVznmsJ+VqlVDPqZAmUHQ+OSRRwfLECrg2GDa+eefL19p3BvZ/AvjjZO19dOZGiAzPWcrf+tKsWmR/K6kHi5S9DAaauvpynY5lFri0E7++QBjclXx4zMyQSNOvoH3DYwwt4CQVKpSudR1vI2VTQOvOLGGrcphpobH4xn9zDPJXIwBAGXEZZdf/vjjjysDBNGiRYu77r5LGQA4jAWLFgb2MYBLoZ6hzvRpM6ZnZGSoXa4l3FoDMp/6Jlex+sC6OW2ZXfGCfnqfEkb/kydPfmf5CmWAqGBs4aKI/UyCads/9q34nzIDoJTSe+fK0WaSO2loOL2D/zjKvMoe6pcynVWqIzOtA6KBTpEf2qUf2i0O/M0O/M0L9lPhsloCefYBY3vaRXs8NyxkJ9xiTjIovbVo07qN6SwpoVyCUDCtfv364195pURnHNOMfOP1WrI4KX+N8HT4U6t2rBlOINZZvf766wsXLJCnAQcQACAYxq7875VYlTYS1q1bd//991M9LjtIqFHDg7UGyp9du3b17NETDb1LoX47/fPo+uvTpx155JFqb3xU7FoDYV0DtFesbMm3vkdhs1PMtEp1vF02mzk3bPZduHDhm7PeUAaImIsuuTjy1l3XtMK3rg5cNT0Qb++DKpTUyMGajAlX1KTm0E4+mdJHA39Z5Pav4788z/95WyvYrw4xsXotslDWvdjb9D0RwcR1uQLomOcin2wCLBqecvKzzz5LkUZRp3aFgPE3T9YObqOYlalCCahX9vTILM+R+ujRoz/75FNlAABAADf97+a77767xEoMHMYwjHvuuWfz3/9QGC1mOOAaqBDef//9F8Y9rwzgKqgGrlf/qClTpii7LHDmMoTSCeK9Ya5OnWHzyiuNxETebp6/W+Ml1adt2rTpP+AeOVBBUxUNgwYNirx1N3SundBUGUVQQpoDS4vkb/PkENo1P9O8qm9OCDBfmHbEGfpVr6V13ebpvsdT/0o518M6wlyMQJawXd8UTq2l5dEoVD4ipAQuv/xy3aOjuEUKRRTTzjjrzGeffVZaJRY6cWCTyN0mF2GVkunCrppEwfLMdg899ND1N95AASQxAOAwTOt6W7f+/fvDLxA5Ho9n/PjxPXr1TPZplcB93HDDDRddfBF1SpQNXIHZpbz6mqvL1i9Q4YRzDcjrscKTLnRPsWWylzdleikZ9+qrr35i6JPI3ZFgNeqXXXYZtVjWnggQzGDes/oryw+lEg2Xj5d3GTAW+beBikI+dZB5K2tNV+o994tj/ivTTb1FIRoJCuON4/iBzTJdS+TOO/viAkjkXHHllcOGDVNGCQgu5p9/eN0HimBd1xu2VmY5cu+993bp1tUJt8YAAJwANQ8PPfzwrbfeKsOo/KOkdevWixYvrlGjhrIBcAaPP/FElaqlPDIJOIr0jIzJU6bcP2iQspOFsLMGzP9Mv3GBeXlWwTN/5Xl7lRGexo0bPztmDLxfkcAYu/c++WCCCBt4OQFa13xf3G2Z8oKz3MU4/T+hqX6TXLBAyNvUgcOh0iEly5ee5vnfu96Of7D06tYebl3UEJox9yyR8w+FSxgZXnf9dTRoVQYIBRUOK9CmTVsaaVvh8Ei/DF/RVDMKZRrIOR2ykKV1+KuiarQOHTrcc+8A/68AAKQoZqMxfvz4K6+8Uu1AtRA96enpb86Z3bJ1K4o9RCBwDnPnztVKu/4KKh7ZT9duvuV/ixYtql+/vtqZRJQyomDH3xT4pC45q/bNiJ7p3bBhwwmvTUCdWyqNzz0nmikD1t0djP3xprLl3dIaa9TD23Offv08tRO4DVlQqh7v6baTHX1FgI+IBqWamHuWxvN5+NaCskDv3r2VAUJBUUTFpEevnp06d4qgUtKNH0aI7R9z6XCTXXGhcf2oS7QqdSpwGuqNN9445LHHzIwCAEhRGNMnT5l84oknKhvEAbWbr02aqHsxyxI4BeqfzJw5U/ZS0NY7mKpVqkybPr1//6Dp28lCKa4Belu/cT7lUHnVzNwjeCH/ZogZLIU6derMmTdXXs9EFg8DDVieeOIJZUQKMz65nRfFqKxAKHWufDlpHuaXmtDgU2YHTfM0eZed1YfSlCQ9cXJeuyFmnVLCrAFqRW6++Wb5ARCe+++/v2lT+wodQZgR/8fr4sfhlq3cNJ4Mven76t2K4+JLLh47bqwyAAApg+XQrFS58oKFC5LyIlVFccwxxyxduvSSyy6lGLYiGYCK5Ygjjhg85FH06JyGrB9kH5B17Nxp7vx5NMKlEZx6L+kI+4SCQPjs03juFmXI3jHT23zLap0ZSd4tKCjo0aNHyd+fgsiRHtPOOPPMiG57DkRwPqWaHEoWRb5+Smf96ony60AyIDTB+Mc9xIZ5ckl8E+ldu3QMO6uvZYZEPqrgueeStqKKj2eeeeaUU05RRglQjK+bKD6/VwbkXR0Spnk8nTZpVeqaVsWzb9++bl27UrVdgVMYAADlCTUFRx97zKRJkygsp0BhEFtGUExafeDffvvt0Ucf9fl81v6UhXIanlDgBF544YX33pNPiANOQWj1j67/yiuvZGRkqD2JxKEPLwyEaaJwSlXdvLIpTfoE07xd/9XSj/SPXsJhNWM9buuenZ2tdgHCdD4tWLAgyjaeaZ8PEGsnGZrQ5ehF3kyg98qVszswTEgmhGbMOVXk/qtMgmlpPQ/J8iqzTojEpoLWrk1bqzgDP0zXX53wat26JQ/sKdJ0ilpjdT/xx3T/kNt0EWueFp9rdc8LHekVBNWl3bp29RWmei8WgBTh0ssufXRIRLM1QTwMGDBg48aN1Ku1Oq6p2Z7CNeAQevfstWPHDmWACoVqg569e7Vq1UrZiccFrgEap7BdP4i3rjLUDol8rmHPLKF75LJ44bFqWAr06tUra9/+Ys87SGWEduV/rxw4UC5AGDHUYPmMyTXowzJKZUQKcUpb/drpHk6pgYhNHig1mab7JquqgZJbJvCZt+uXjbUcQsFQQfv666+fHf1MyHdTE4/Hs2DBggi6d1SyDDHjGF6QTXWZfw1PinOtxceeuhc5M0pbtmjpM3wy4dUOAECyoWus7139brnlFmWDBPPtt98+/fTThhHY200hqC2Ea8AhUNveunXrwoICNPEVCHW/69evP3HixHJe7dsVrgF5AU2sHsDXTaSAf3gv5zl328EyqsssLGQMWvuDobc45wMGDPh3y1a1K8XR2fz586PNasZPI7XvnrZin2pwOWLsdcBcqw4kIb7327O/l8syqnZo3t65QuiM0j4M7dq25UZKP5/CqoWoPvKmp81+c7buKbl06ExwIQqNN07SCvZZlaGs60zvm97kfVb/ElnPORI6W9lvyC+gU7XOHACQNMgqyOOZM3dOxfYRUxDDMPr06bN7567UrFfhGnAOeXl57dq2E1w+ggytfPnj8XiGPP7YhRdeqOxyxAWuAdkLlf1l5nvrarbru6IbCzSPxjg1Xh3+0Koea+4oPeM+9dRTP/30kzJSmP/+978RPEStOBTvU6rKmW6mJV0DZ/TWr3jRtEByYkyuSltrSggVQXb58/oZvWUwDB9++OH48eOVkapQRFGtOmPmjEhcb6wwxzfzOI0XUJyqG6bMDbt1jV69gekXcG57zDnv1KnTgQMH0G8AIMmoV6/e5MmTo3qAESgrqDr99NNPn3nmGQqnVO2KWQNOY926dffff795vULtAeUARfhJJzd88cUXqfirXeWLK1wDBB1GEcT4/LNF1qaiXSqvylUJj2hMPVUmB66lxOO4ceM+/2x1KndkKdYWLVqkjIiQ8Sq+Hy5+GuGfskHjH0+vbNpYJkhK+HttxeYVRUVFVlGe3jmWn07tC6J9u/bcMFK2fFE9XvOIWlOmTFF2OGRFxcT+9cb8/xTFpoxW806OdE/33eZDW90Rh7179d65Y0cq16gAJA2yetfYdddfF+X9hqDsKcjPv/32O/bs3k3h1HEQwDXgNKZOnbpowUIK4BpAOUA1sMfjGTlixFlnn612VQRucQ1IrJ4zX3a92P4F5VFrmGp1qL03L9eOv1q+XRr0F+fMmbNgwQKNy8kIqQZF1v9deMHgwYOVHRkU0cbkqmqBAXMPO7md95rpVhgkJTRi5UYun1bHSmVd5h1N/99Sduz1VOrCjVu/+uqrVF5xoEGDBs8//7wywkFRR9XXn7P4p31kLVYUV3JBh2oN9I5rmKDIVjtdwYB77tm4aZOszEkV5OQGAMQJFV3qUI19ftypp56qdoEKhSrVxYsX09gsRfqr1MmAa8CB3H333X/99ZcyQMKg6rdx48YjR41UdsXhJtcAYXoHhPFhV/b3YquqlMMVRtWm5r1ygnbabWGHLMX55JNPXnz+BWWkFIwtXCT9f1HBvxsqfn5Gxiz1/CnNGPP2zrXeAskKl+4AzXjram3nN2q5ZLNr4u1zUBZD85iQtGndRg4RUwyKobPPafzkk08qu0SML+/Tfn/NH4tWPabVv9zb9H25U164010Uh/Tbhz459NtvvpEnn3IpD0CSIG8imDqlnNe7AiVDtWtBQUHvnr327t2rdiU1cA04k/bt2h/MRbc/Aaj+n5aenv7Ciy8c36CBuVe6BWlLxd8yyxmXuQZMZFT5vnqA/foyffjwNTeK4PMGey8YYs4mKIrsUFjDnB9//HHYsGHWCaQINOK48r9XDhgwIKrcJmN7chV/NOlC50f9n7fFp5owzMEjSGoKc4zp9f0LfBB62x/1WqcpIxR//PHHI488YpUytSupsX7pVVddRSVL7QoLlRduvH2jtmO1kGVQxo/1op/WW7/yRfVIUHcyYcKEt99+WxkAADegqiFNu/HGGyOowUCFMXny5CVLliT39AHMGnAsPp+vVatWnKf0OtOJgMZlVKDPanz2qFGj1C4H4ELXgLxoLdcV0Da9LT7sGHD3u0ZveI65kf1vifzeEmtP+T5jeXl5XTp3EamU1xeYUwaicg2IX8aJbyyHi+kJEJre56B8kUTxPcBdUAliXM4SMeaeIw6oBT4I3VNF754pHxUSnnZt2/EUefySrHe0Nm3adOzcqcRiReWFqi2DzzpWy8+WVVhRHSUbhuvnek5obvoFuOkycCuLFi2aOrm0dRYAAE4iPT193vz53jSvsoHDsLzPtKXhWccOHZP74i1cA45l165dPbv3UAYoI9LS096cPbtih+LBuHHWgIIx3dj5tVh6jdDpn6bGrrSpeabe7mvzoXoec1p0WKiqzcnJue222+g0rDNJVqxBS4sWLbp27VriAOYwNHbhjCLWa0yqRFHjd7Ww+pd6mn6oDJACMCOv8PUjlWEVsbY/6EecruxQyCk5Tz1dsnsuOaDS9Oijj55//vnKDoXQDJ15hS/PmF6PGYXSrWlCBZEz5m39I6vVyLxVSu13NevWrRt03/2pkPQAuBqqu6jaOeOsM0ePHq3renJ3gZKJadOmLZg3X95JS41LcqUaZg04nFWrVo0ZM4ZyHiqLOGEys4tLL710yJAhapeTcLFrQA5XBePZm/j8c5mmHqcuI1tnrEp9T4cNMvuWNgymE/AVFHbu3NlIgYucCxcvkp2ByNoS6txTZ4FvmMs/7mld5DR3M0/PfcybZk7bACmB0BifXI3Gt5Yp79ypVEfv8o9lhqPjrR0KCgqUkYxYRenZ58acfPLJpZep/P3GzGPooOIuAJbWfbfwyrt1zDU+k6RMbd68ud+dfZUBAHAmOhs/fvwJJ5ygTOAGrHYnPz+/c8dOtI2wO+ci4BpwMpT9aCj74/c/KBvESlpa2uvTp9WqVUvZDsPVrgET6moXZhkzjjZXUD9cTbK06p5u22VG1jyBd0qHhI5q3769r7Aw2WrZIihqmjRr2rNnT2VHCjMmV7bihL5B03XtuBv0mxbTUFEuog5SBMFE/h5j1vHKZEznQu+0Qa9yPGdhHWpr1qxxpje0rKAS8dqkiXXq1FF2KCxHAP/7Lf5RB50frobkwwgyaqZ1/ZfLyU1JSGZmZreu3fw3TQAAHIJVKZ111lmjR4+WZmSzCIEDmTlz5pw5c3TpLJAdYbXXzVDmhGvAyVieqQ4dOhw4cEDtApEjn+Akr7Pe0rRJv3791E5H4n7XgLzURmN/n/H6kYwbNGYt2iVfvT32a540GSwNSrAe3btn7c9SdpIR/YMJKALFxtl8VS9ly0kEzNNjn/CkU8fCjGaQEsh7HIXwTaluLjxJSW/6haocndZho3z0XpiOJX2ofTvpblN2cqHr+px5c2krK/oSEWteFV8MolchHQLSOSBvc6p9nt7qC/qkuexgUpUlM7OoX9SsWTOhpnMBABwB1VovvPTiSSedROHA0grcCLWw1M4m0wQ9uAacjPT2m32eFs2ap8JU67KFoi4tLW36zBnVq1dXu5xKxboGyuSKmdmw6V5P7yyeUYOGr+a41eqvCz61psjfRwmiDgsP5fipr79+zHHHUrjU7r6bkOMP1v7W9sqMAiZW9aGBizKoh1//MuFJN9+w9oGUgDqPtPU0fZ/SXc7NoRdqHnK3c34oXFagEsQ5nzR5EoWS7Lox/Zz0jIy58+d5PJ4SKwpGdRH/sCv/4n5OFZGsgDjVd/QB0aCp3vpz65NJ5hcgrJGGtV26dKk3PU1VxgCAisKqqZh23vn/Wfr2W5ZfgIBfwO1409IWLVncqnUra+kBABKKv88zb8F8VauASKCIY+ym/91MpdX5foEKp0xmDSjMa5kePuNokZdFvXD/gIRpzNtxA6t6jP9ZBuGgk6HEe3DQAxs3blS73I9VkhcsWkiBqPoBxh9T+Wd3+4s+BTy9D9LnURmkJjSG9U2tzoVhZQDZD8mop3fZHHKlTyvXUX5r37adQeNinjwd0PRKGbNnz1ZGWOjnczHtKF540PKeWLM9qYpiV4z1nn471U7JEyMlQnmgbes2+fn5ygYAlC9W05+enj53/ry0tIgmUQIXYaVvQUHBrbfeWpjv+ukDmDXgFr7//vsnHntcGSA8VEKp+l20aJE1CLW6xw4nCWYNKOTVTMFZ562iUi3ZMy/6buqUF84+uSB/Jx2idoXBSrDRzz5z+ZVXWKYrkrBkqM0YeP99VsDaUypy3XSKzM/u1hnzmJEmZ0KnVWFyPJgiIxpgh0az7OqJ3qJCRLmJ5+0SLJ/TIDjo0jdlNiu/vfrahMgznvPRvZ5S/ALMYzolfWJydVaYK+TjH+n3y0eoSL9A26/ZmX14KpUiqkIXLl7kSaOM4/q6FACX8vDgRxYtWQy/QFJitbA09li8eHG7W9v7r4oBkFAuuOCCy664HPmtJChydNaqTWuqfmUXOikGleVAWboGFLpH77pZa3CLXB+tKA3kmuozT+Qb5lhmyVDK3Xfffb169+acJ8eo5oorpKcjCoRu/LVI3pdhIv0CTEu7bZc5LToBSQbcgJyVc3InrqsMIL0BLI0vvZ5syiHhqF27dtUqVZXhck46ueH8+fMpUFLlLgzNd9CYUt3QeGGRB8BqEjw9d3uOPJvJpQZSC/rtS5cuPda8VwsAUJ4ce/xxS99+68orr1Q2SGq6d+++aJF8EJWyAUgMlMdoiDR48GDq46ldIAiP10vlsVevoiXbQGQkYpxJw1jdc+MCdtYdzJBOAaojrVkc/OMexg/DKUtbx5XMLU1uGfr0U5Y/zNX1bL+774rWwcEZEx92tqZAy2cUkmqdKQeAMhqi+yqQNDChSxfAhSM1Jge3MmOIQrHrW5k/SvQbPzf2ORVyJ1bxv/Tyy5599lkrHLJACbkah+A5W8TUOlYpoWOlT4CaB8FYn4PMW0V+UPrXUgv61RRvr732GsWhnHjk5uoUACdzuK9Cr4y9MfvNCRMm6FRzJ8VFDlAqlNAZGRlvL192W4/uVlfX1d1X4FisZp0CM2bMiGQ95pRCxobOevXpvXTp0vT0dIorQr0HIkDd/V4maw3YoHxqrJ3MVg+gP+Cf8Ezp5TmxtXbdLMsslX379vXu2YuS2aXpynR9wcIF0Z4/3/GpWHaLKLqHnGJS77aTpWPlDEBjXiEmV6XM5M9P7PReniteNLNJaCjv3d67T2ZmprLdhmBanz59/ve//yk7DIwG/X/M5J/1lREhb22SO+V8pZoN9fa/mAujimRbkjF6/r+98wCQosgacFX1xE3kIEkFFFTMivn0P3MWMEcQs6KnZ04IxjNjTpjADMYzi/nOnEFOMSACkmHZnZ2d0FX/e9W1KwLLhpnqSe9j2e3q6emqrnr16r1X1d0TJ0586oknaZgkCHvAiH/hxRftsMMOJk2UJIlE4tCDD5ESDbkCUrn0rIGCI5lMDj1oSOE6SlmnrKL80UcfjUQiJl2AFM+zBlYCJFRscALb54UVjXF8lNqvz6afHYxBCbNvTXTo0OHRiROafX5hHuL5IOeedy5ut7C7Nh710t58hbgA67QpC1d5SaLEwdtMtrjkLy7u9IfMRhPAgHHn3XcVpFOsA+Fjx47dZ599vB2rA47BmXD3vdPcD07RqwIwLoDDJHzSbQdxyHfQG0HzUFwAOProoy8bfblWKwRBZA2jXTjb/8ADXvz3SxQXIMLh8AsvvXjYEYebNEHYIRQK3XTLzd5C41LGs/qOOe7Yp59+uqDjAjnH/o3rPXdnwz4x29r5BRtdLJ3mPjGwheZpeXn5M8884zgFeYfwtttua7Zagn46mvrjPSm4bKgd2BPY/52WBVKIksDZ/NIVOy4HYfnmZpNoAhg5AJMoIJS69bZxgwYNWlNwTX8kJ/RhMx75yzMXFHM2u5Dv9xr2K2IFBg8efOu4cRQnIYgsAobNBhtt+OJLL5188slgoZq9RGkDI9fRRx/93AvPR8qiXqSbIGwwYMCAAw86yCRKlWg0+sILLxx22GEmTbQVs/7Exg0Ff8GtcR/u1mje49PC8aXjAXHiMoarrZqPUEgpDzv0MFe6MAAXBGAc3HbH7T169DDplqC4FEqOb4cPUNO15MJZ2vULHPINNBPUmHcUUeJAh8Fl8z8+yiWIBTq+KB0n1nDm6MUmq7c/QIQOHjrMJAqEx598IhwOm8Qq4FUzFyoj/XA3x43DFuCwAL6eADTb/m863bb1I/pZmCxfvvzIw4/ALRQgvYsgiBbj+f+eBdWuQ/uHH36YXkBANAXIydNPPz3hkUdNOo+hGwoKEZwwV+rEkSfMnz/fu4elROCCK/1y7mOHH3fooYd6O4uAor2hYEW4qBLHLWn06iVa9CrNkuqBdkq1aDmAEOKZSc+EQ036CfkG9NIePXp4dkNLEUrM/LeQno+DtcSZCgz7Ap9YQB4O0QCMAIGd7vBEC/7jXfTQtX55vvHhFKsCwwbQq1cvb8vszWcEf/Lpp9YQFwD0cwfd9IMdhIx7TxbAnSoN2+LYeYFuO+CrP4kmqKqqmvzcs1DPOrhEEETrAA0MOMHAM5MnTZw4keICxBqAYfewww579vnnQOV6YzdBZBEvHHDfA/dLvH+yhMZ0tIE5g55VTHGBnOObw6l4oCxwfLUQoYZFv/hOPuam3Aer4Lde3dp8YR5/4vG+/fvl+VJY6JZQwn/dcD06Ya3qotCn3z4G/zQgnCrOg2iDkPVONKCFymHdd1K6x+CDCWHnlGN1avWC4tkiIJN5fjeaJ+dOwHnyySebMrXRHtfXyd24O74DU67UVaAXEcAZhDNiuQpX4A6ywNZIJBJ59tlnPUuCNAxBtATsKeDd4QIt9fCjj7zwwgvRaLR1Az1RqoRCoZdffvmMM0d5IgSQ5BBZwRMk+P3cc8+BamrcU8R4F3jyySdDnyrIG2bzGN9CA9CGGGAXIxaxUIXZx5jLmVBp9+GOvG4BvpC8OUAUbrjhhsGDB5t0XgIOCdgK/fv3b61nohZ8LNPJFe6Y4M7Rv8AQYlIEsQKBfV/m8k/dL4VSv75gEk0ArmAz9+3nGsF4tLzsqaefXsMUHCgBsKrcGY/Lh7uu+AwOnIwJd3COX8aEUyi3HeUWkAR8UNYLL5RVlOOrHAiCaA7QLVWVlQ8++OArr7xCbxQnWgWoXGDvvffGx6SFwzCYQdJ8RhDZAJzkcePGwXgui/09zU4w8NQzT++///4mTWQPn0IDCk14rQG54xy7gLdf/0+XBmc9XfexdeSy6XhMCwJdF1544dCDh2kHwezJLwS/5pprzHZLQV/GfXkPqCi3YYEvr+gpg2UlddcQ0XI4D7CKtfRMOSIkl+8eD11NRwma7BiXX365F2r1fucVUKS1evaYOHFiU2VrXPou//sP9d6JSkmJOgAUAcYUWNfBgWNmMxHAAxuOJNYMGKaBQOCpp56qat8O09ws3CAIYmUEKqiHH33k8See6NatG+zIQy1K5DONAlNWVjb52WdPPOlE0rdEdoExvX///kcddVTxaSfvirDLcHbyKSc///zz5eXl3kdEdjExS+uPIVwBbFcw6l85gM1924sX4J0F+Jh15fzfg7xfS1/08sEHH9x68y15qFgrKysfeeQRk2gxqnaW++RAb1uLP+NH/STKesIFrjg1ShAG0JIynR5faZJabMR+b/HuO+D7+5oeFS677LJp06ZhLzQ78oWtt976oosuAu3f1ESK4vjPfW4HtvgrjInow+BCOHSWQaeJ7W7ST1to8sKJpoAKh2o///zzv5/2vU6Y/QRBgHqBHjFgwICxY8fC4O5ppzWoKYJoOWB7nzBy5LLqajT08mBMhkLQYwiLg1GjRv3yyy8mURR4faRdVdX4Bx/M7VP6fCC3F5iD0ADgjbXyvRPUjCcguYJC5IEtLmVbXKy312TlewPzzJkzzznnHDhbPmACWkpNfPyx1jYqfDP9QNmK18Er+jiH/88kCGJVcLJcyUd6sOQyz2nGfYFo4Lgl+vl8a3Lvhg0ZirGDvDFtoe8MGTb0qKOOMumVaAiPQYnTj/bE620ALhq73R6TRJ99UZEQmXHbbbe98drrJkEQpQkoGq1bPLbdfrsLLriAnjJI2OPlf7989113mUSuodBA0YCL7SU4JYVtGjX6VrA1fMTwgw8+2Ntf3JRiaACHXpz1k2rqXeqj8xqfLg7+Dbr8a+/n7P4Ujs1NuzdeaAA2li9fPmLEiPwRfcdxnnnmGZNoMbL6f/yZLd0G30YoLo75jUU6e0mCWB36Scd1s9UT6zU+pQO6jHP4D6yil0k3wU033fTf//wnH/oMhjc4u/TSS7fYYguzaxX0JLbkaelO7K5Sdd5OQCsBJg7/nlesLfR5iMx58803b731VpMgiJIEY45CHHPMMUOHDQ0EAmYvQVijvr5++PDhNTU1Jp0jQPIpNFA0pNPpgw46SHvVBYwXGggGgxMnTiydOwhKMjTwJ4L9/rr7+oFQCDDuTYxAObzTxs7Qj/Se5kU6Fosde8wxeTFlyNnEiY9Fy1rRop5r5D7aTSX/HBICoY7s2N/xdATRHO6jXXgi5vUd/BUoFyMWrrnfQK8/eNiwPJllv/7GG/r162cSq4EzJZVMqEe6S5mEdEMUgAvYPnqOirTXhxFZ46effvrHmWeZBEGUAKBSPJ0JZqhwnFtuuXndvn09k5QgfOO999674V/Xm0SOoNBAMTF37tyTTjgRt0CbFWaIAPTwCSeeeOCBB5aUS1TioQFwTxRb8IV8cWcoiufe4KMH4Fe7dcQh3+HEaAuelZhIJI477rh0MuW9tCMnQNl79Ox5++23m3QLwIXfYJLM/1S9+HdINa6eCBwzm4c7r+E19QTRiFr4pXxxp8a4sKO4OCGmnec18dhjj02ePNkkcoEXFLvjjjt69Ohhdq0CHCM5VzOf428eBb0DdYW3H35ESAyfp5zImoMgRNv49ddfR51xBlUtUSKgGuF8i803P+PMUV27djV7CcJfYBzHpw+ccMLyZdXNDuI2gI5AoYGiAcQJ/OqXXnrpnnvu8SyuwgIKHwgEJkyYUFn550O1SoRSDw0AWILlP7vPbAKC7IkuDtPwJ9otcMSv+uXtZscagAs5/PDD08mUSfsPZ488+mhFxZ+vZmwWrHzO5ISeKrkMTRPvKp1wYMRS7QUVWj8mcoOQj3RxUzUgLtrAZayil3P4j94jW8whqwCyd/DQYSbhI9DDsZxa84x/6MH27Vc/5w9Fl9DxpVKfXaa+vUXvQ+2AXQI6TefNnQM/1MoCDmryGolMWLhw4YjhI6DWTZogigjQHqLB/oHtk048ae999qaXYxN5wpQ337r51ltwxPNdA1NooPg477zz/vf9dE/dFRDHnzBy6NChJlFiUGjAQ6l0rXy4O64e1mntA3AWDDvDFyt8uX+LZPqcc875beZM/8UfStu//3r/uv5fJt1CFFc1P8mnN/FcOLxkxp0jfmTlPXGTIFqG/OMD+fKenhnB9WM4xPFLuBM2MtUETzzxxKRJk9D9XtNRWcbLSgjnqaefchyn6bEKHzmjXt5fzZ3SuHgGTHnJlNhgpNjh9kIMgRccqVTqoIMOgmr2X6MShFV0FJVvuOEGp51++jrrrGP2EkSu8UZw2IjFYqefdvrCRQu9/f4A/YJCA0XJsGHDEvX1sJH/ozkIYUVV5X333VdVVWV2lR4UGjCAoc/devfR3iod0zvMUymZE3SOns1CLV1Pgo9Y+/A/JuEjTz79VGseYoxXB1XvPtKZpeoaQwMq1D5w7By9SRAtR7kPVHjzC/ADPYl3207s/5b5cBUajQ8YLZjEDT+paofvnnEcB7ZXDQ00uPxcPrO5qv5xhT0I3/kBsf5ReKH6OgnbSNc9+uhjapYvbzqIQxAFRiQaOfa44/bdd19PCxFEXtE4QANvvfnWrbd46+Z8gkIDRYnrukMOOki6BXCf8pFHHXlkU++rKhkoNLAi6AXICT1Yqlo2aEZvETG+yQ+fu96MN+Cp1AkTJjz33HNwqD/GrGB87XXXuemmm0y6BeCr5hTnyZr0o91w3bTeCefhQz/lHQf5VXCieFC/vyZfGwr9wxMdoZgYuYyJZtbHvvHGG/fefY9v0+8g9b369B43bpxJrwZdFLfefWwdnlzuPTpE4KsZYb8U+7wsev6dfFSfgQo/9dRTZ/8+W8djCKKQwDip1op6yGWbb775P/7xj06dOoFU4wcEkfckEonTTj1t/vz5OL5bHv5o1UARs2DBguNHjMjDUbzRWSuLRMc/9GApLxZohEIDf4LmP0qIkhPXZvWLGyQYB3D8GfYZ77hhC63Tjz766MbrbzAJ2wg+adKk1tkZuiukH+rAZEK/kh6vikc6O0fPkvjo9ZZdJEE0ADKUHl+Gz67QwoNhpv6H8l0e8j5dA0OHDoXv+sNmW2x+2WWXmURTJJa6j63DpAvKoLFcYN+LI38UZT30BRI54Oyz/jFjxgyTIIgCwRuXO3fufPGll/Tv3x+SAIUXiYLjk08+uWrslT6ILoUGiph8eAVGUxx99NGHH3mEt01amkIDKwNDuQRv+d97qvkfQLJRPmCEFzvdzQccpzfXJDTeV6ZNm3b55Zd7e6yyy867nHnWmSbRMsDVUbW/p59cvyGJ1+Mc/AVvv4G3hyBaB2jS6Q+4H4IcovDrt3pw5/gaJfRm03z33XdXjB69pu6UGSjqukhDhgw55phjvJ2rA4+RCz9jL+wiGzo4zvjhR5yNmM+dcr1N5IwHHnjg+eeeg+ag5QNEnuOpnUgkcvFFFw3aeONwOGw+IIiCpb6+/owzzpg3b569JwRBt6HQQHHzr3/96/3330f9mAcWlY7UMicYGD9+fKdOncxegkIDqwIF0ndNc/XuCfynJ1zPSTC7GN/yMrHFRd6RzTJ37txRp59hEtZ46pmnA4GASbQULp/oL2NzTAotmWBgZLW5erK8iTagpPtAhafuQZ5QigaOEDve0ZBcDdD9QTMPG2L9GbAnnXTSnnvvZRKrA8onv/qX/GKMtumh6F4X4Lzjhs6Qj5RweD6MYyXPlLfeuuVmX298JYjWEolETj/99MHbblNeXm52EUSx8Pnnn19x+WiTsACFBoqeY489dsmixSaRa44bMfyQQw4xCaIBCg00AXgCXLpfXs2+vBZK2fjOf/y7/nHib3frt5Z5jvSaqK2thW6ArhG6QWZnVvCibnvvvfeJJ55odrWc6p/Tz2xstvFUnB/xvahY26QJorWAOErufvxPNu0e7VXjL3ziwAm1eIfKGvnyyy+vvurqBm88azT2ttFXXLHJJpuYxEroXqS4Kz88h02/3ysBfhG6FpS+3xHOLg9610LkA6BEv/jiiyuuuALbJNsalSBahzLLimAD5LGysvKYY4/ZeeedW/UKYYIoOJLJ5IUXXvjj/35oHGWzNUbCgEyhgaJHP5JwiJRurkwrz3sCjT1u3Lju3bt7fiixIhQaWCNQwBlPyndPaPRb0IsGR7/XbmKvF1ooTalUauTIkbGaWpPOHiDckydPxgK1EveJ9Vnt7EbDWvAgPjSuuTAHQTQN9AYMAbgPlK0QSuNi84vFlpd4iTVwzNFH18XqTCJL4EoxpcbdfluvXr3MrtUB5ZYv7', 1, 2, '2024-06-01 22:32:54', 1, '2024-06-01 22:25:58', '2024-06-01 22:25:58');
INSERT INTO `posts` (`id`, `usuario_id`, `categoria_id`, `capa`, `slug`, `titulo`, `texto`, `status`, `views`, `last_view_at`, `usuario_updated`, `created_at`, `updated_at`) VALUES
(40, 1, 1, '666210de378ad-vhfdxbh.jpg', 'vhfdxbh', 'vhfdxbh', '<p><span style=\"font-size: 16pt;\">﻿vbhghnfd <b>gfjdhj</b></span><br></p>', 1, 0, NULL, 1, '2024-06-06 21:41:23', '2024-06-06 21:41:23');

-- --------------------------------------------------------

--
-- Table structure for table `usuarios`
--

CREATE TABLE `usuarios` (
  `id` int(11) NOT NULL,
  `level` int(11) NOT NULL DEFAULT 1,
  `name` varchar(255) NOT NULL,
  `email` varchar(255) NOT NULL,
  `password` varchar(255) NOT NULL,
  `status` int(11) NOT NULL DEFAULT 0,
  `last_login` datetime DEFAULT NULL,
  `last_logout` datetime DEFAULT NULL,
  `created_at` datetime NOT NULL DEFAULT current_timestamp(),
  `updated_at` datetime DEFAULT current_timestamp()
) ENGINE=InnoDB DEFAULT CHARSET=utf8mb4 COLLATE=utf8mb4_general_ci;

--
-- Dumping data for table `usuarios`
--

INSERT INTO `usuarios` (`id`, `level`, `name`, `email`, `password`, `status`, `last_login`, `last_logout`, `created_at`, `updated_at`) VALUES
(1, 3, 'Ameralim Namburete', 'ameralimnamburete@gmail.com', '$2y$10$G9wfLEMmF/UmGcFbi5HjBOAX/6bBMc0cyeJsZyAFNew7m8VGJrk6.', 1, '2024-06-25 16:32:17', '2024-05-23 22:02:07', '2024-05-10 00:35:49', '2024-05-12 23:07:07'),
(2, 1, 'teste', 'teste@teste.com', '$2y$10$siMw9zA1dNr/qKSUG/Gv1e.l7sYSzPi2Yj4k7D/JNk.3E5f/Mu2s6', 1, NULL, NULL, '2024-05-10 00:38:50', '2024-05-12 23:07:07'),
(4, 1, 'testador', 'teste@mailinator.com', '$2y$10$GU20pDYsAlPR2bJdrDCUleratD63tphAVz1J/kZvzG5cL3h7bD/rO', 0, NULL, NULL, '2024-05-12 01:00:07', '2024-05-12 23:09:09'),
(10, 3, 'Tia Leila', 'tl@g.com', '$2y$10$hLs0CeJL0DA7WPB1MQ1Iu.TOVFZ8M50g2oT1kN6aqyLTu0HkatDQy', 1, '2024-05-23 20:09:25', '2024-05-23 21:52:03', '2024-05-12 22:44:06', '2024-05-12 23:10:10');

--
-- Indexes for dumped tables
--

--
-- Indexes for table `categorias`
--
ALTER TABLE `categorias`
  ADD PRIMARY KEY (`id`),
  ADD UNIQUE KEY `titulo` (`titulo`),
  ADD UNIQUE KEY `slug` (`slug`);

--
-- Indexes for table `posts`
--
ALTER TABLE `posts`
  ADD PRIMARY KEY (`id`),
  ADD UNIQUE KEY `slug` (`slug`),
  ADD KEY `categoria` (`categoria_id`),
  ADD KEY `usuario` (`usuario_id`),
  ADD KEY `usuario_updated` (`usuario_updated`),
  ADD KEY `idx_views` (`views`),
  ADD KEY `idx_slug` (`slug`),
  ADD KEY `id` (`id`),
  ADD KEY `idx_status` (`status`);

--
-- Indexes for table `usuarios`
--
ALTER TABLE `usuarios`
  ADD PRIMARY KEY (`id`),
  ADD UNIQUE KEY `email` (`email`);

--
-- AUTO_INCREMENT for dumped tables
--

--
-- AUTO_INCREMENT for table `categorias`
--
ALTER TABLE `categorias`
  MODIFY `id` int(11) NOT NULL AUTO_INCREMENT, AUTO_INCREMENT=28;

--
-- AUTO_INCREMENT for table `posts`
--
ALTER TABLE `posts`
  MODIFY `id` int(11) NOT NULL AUTO_INCREMENT, AUTO_INCREMENT=41;

--
-- AUTO_INCREMENT for table `usuarios`
--
ALTER TABLE `usuarios`
  MODIFY `id` int(11) NOT NULL AUTO_INCREMENT, AUTO_INCREMENT=11;

--
-- Constraints for dumped tables
--

--
-- Constraints for table `posts`
--
ALTER TABLE `posts`
  ADD CONSTRAINT `categoria` FOREIGN KEY (`categoria_id`) REFERENCES `categorias` (`id`),
  ADD CONSTRAINT `usuario` FOREIGN KEY (`usuario_id`) REFERENCES `usuarios` (`id`),
  ADD CONSTRAINT `usuario_updated` FOREIGN KEY (`usuario_updated`) REFERENCES `usuarios` (`id`);
COMMIT;

/*!40101 SET CHARACTER_SET_CLIENT=@OLD_CHARACTER_SET_CLIENT */;
/*!40101 SET CHARACTER_SET_RESULTS=@OLD_CHARACTER_SET_RESULTS */;
/*!40101 SET COLLATION_CONNECTION=@OLD_COLLATION_CONNECTION */;
